-- MySQL dump 10.13  Distrib 8.0.34, for Win64 (x86_64)
--
-- Host: localhost    Database: koketka
-- ------------------------------------------------------
-- Server version	8.0.35

/*!40101 SET @OLD_CHARACTER_SET_CLIENT=@@CHARACTER_SET_CLIENT */;
/*!40101 SET @OLD_CHARACTER_SET_RESULTS=@@CHARACTER_SET_RESULTS */;
/*!40101 SET @OLD_COLLATION_CONNECTION=@@COLLATION_CONNECTION */;
/*!50503 SET NAMES utf8 */;
/*!40103 SET @OLD_TIME_ZONE=@@TIME_ZONE */;
/*!40103 SET TIME_ZONE='+00:00' */;
/*!40014 SET @OLD_UNIQUE_CHECKS=@@UNIQUE_CHECKS, UNIQUE_CHECKS=0 */;
/*!40014 SET @OLD_FOREIGN_KEY_CHECKS=@@FOREIGN_KEY_CHECKS, FOREIGN_KEY_CHECKS=0 */;
/*!40101 SET @OLD_SQL_MODE=@@SQL_MODE, SQL_MODE='NO_AUTO_VALUE_ON_ZERO' */;
/*!40111 SET @OLD_SQL_NOTES=@@SQL_NOTES, SQL_NOTES=0 */;

--
-- Table structure for table `contact`
--

DROP TABLE IF EXISTS `contact`;
/*!40101 SET @saved_cs_client     = @@character_set_client */;
/*!50503 SET character_set_client = utf8mb4 */;
CREATE TABLE `contact` (
  `descriptionId` int NOT NULL,
  `firstName` varchar(255) NOT NULL,
  `phone` varchar(255) NOT NULL,
  `city` varchar(255) NOT NULL,
  `rating` float DEFAULT NULL,
  `isActive` tinyint NOT NULL DEFAULT '1',
  `id` int NOT NULL AUTO_INCREMENT,
  `about` mediumtext,
  `uuid` char(36) DEFAULT NULL,
  PRIMARY KEY (`id`)
) ENGINE=InnoDB AUTO_INCREMENT=371 DEFAULT CHARSET=utf8mb4 COLLATE=utf8mb4_0900_ai_ci;
/*!40101 SET character_set_client = @saved_cs_client */;

--
-- Dumping data for table `contact`
--

LOCK TABLES `contact` WRITE;
/*!40000 ALTER TABLE `contact` DISABLE KEYS */;
INSERT INTO `contact` VALUES (3,'Вика','89111134556','mow',3.4,1,1,'Визажист, бровист, мастер по перманентному макияжу.\nВстречаюсь исключительно ради удовольствия и только с кем мне приятно общаться!','5315d3bd-8642-11ee-84d2-005056c00001'),(4,'Яна','89111134556','mow',3.8,1,2,'Профессионально танцевала в разных элитных клубах Москвы и Екб, стриптиз и го-го. Участвовала в подтанцовке у многих звёзд. Люблю весело и интересно проводить время в компании обеспеченных мужчин','5315e532-8642-11ee-84d2-005056c00001'),(5,'Ира','89111134556','mow',3.2,1,3,'Я студентка учусь в мед. институте, увлекаюсь танцами и аэробикой. Хочу найти мужчину с которым могу встречаться на постоянной основе за материальную помощь. Я очень общительная и раскрепощённая','5315e707-8642-11ee-84d2-005056c00001'),(6,'Алина','89111134556','mow',3.7,1,4,'Люблю тусовки и ночную жизнь. Много лет занималась эскортом в ОАЭ и Европе, танцевала в элитных клубах стриптиз. Учусь на психолога и катаюсь на мерседесе.','5315e86d-8642-11ee-84d2-005056c00001'),(7,'Виктория','89111134556','mow',3.8,1,5,'Закончила школу с золотой медалью, а институт с красным дипломом. Я юрист по образованию, работаю по специальности. Умница, красавица, призёр различных конкурсов красоты. Хочу выйти замуж за состоятельного мужчину, но с радостью соглашусь стать содержанкой. Одноразовые встречи не рассматриваю, и общаюсь только по взаимной симпатии.','5315eaaf-8642-11ee-84d2-005056c00001'),(8,'Полина','89111134556','mow',0,0,6,'','5315ec21-8642-11ee-84d2-005056c00001'),(9,'Вкусняшка','89111134556','mow',0,0,7,'','5315ed73-8642-11ee-84d2-005056c00001'),(10,'Анна','89111134556','mow',3.2,1,8,'Высшее образование, PR-менеджер. Работаю в агентстве недвижимости, раньше был свой салон красоты. Люблю путешествия, хожу в спортзал, занимаюсь верховой ездой, горными лыжами. Хорошо готовлю, одни из любимых блюд самса, шурпа, стейки. Не курю, выпиваю иногда. Была в браке 13 лет, ребенку 9. Есть загранпаспорт, шенген, вожу автомобиль, допускаю переезд (Америка, Европа, Великобритания).','5315eefd-8642-11ee-84d2-005056c00001'),(11,'Диана','89111134556','mow',0,0,9,'','5315f070-8642-11ee-84d2-005056c00001'),(12,'Анжела','89111134556','mow',0,0,10,'','5315f1bb-8642-11ee-84d2-005056c00001'),(13,'Светлана','89111134556','mow',3.6,1,11,'Персональный стилист и визуализатор бренда, регулярно прохожу дополнительные обучения, занимаюсь духовным практиками и развитием. ысшее образование по специальности менеджмент, есть водительские права, английский неуверенный. Победительница полномасштабного реалити шоу, получила звание «самая прекрасная женщина» и миллион рублей. Не пью вообще, не курю. Активно развиваю инстаграм, много в него вкладываю. Моя работа для меня как хобби и отдых, но свободное время могу проводить по-разному, все зависит от настроения, как правило это что-то спокойное и умиротворенное. Вегетарианка, но иногда ем рыбу или морепродукты. Я хочу создать семью, родить детей с надежным мужчиной, желательно русским, так как менталитет иностранца может быть чужд.','5315f352-8642-11ee-84d2-005056c00001'),(14,'Кристина','89111134556','mow',4,1,12,'Самодостаточная леди, профессиональная фотомодель, и победительница различных конкурсов красоты. Много путешествую, живу одна, люблю готовить и шопится. Всегда в поисках новых отношений.','5315f92e-8642-11ee-84d2-005056c00001'),(15,'Соня','89111134556','mow',3,1,13,'Милая студентка, учусь в педагогическом институте, люблю потусить с друзьями и весело проводить время. Хочу нечастых но интересных встреч с обеспеченным мужчиной.','5315faa8-8642-11ee-84d2-005056c00001'),(16,'Роза','89111134556','mow',4.2,1,14,'Персональный стилист и визуализатор бренда, регулярно прохожу дополнительные обучения, занимаюсь духовным практиками и развитием. ысшее образование по специальности менеджмент, есть водительские права, английский неуверенный. Победительница полномасштабного реалити шоу, получила звание «самая прекрасная женщина» и миллион рублей. Не пью вообще, не курю. Активно развиваю инстаграм, много в него вкладываю. Моя работа для меня как хобби и отдых, но свободное время могу проводить по-разному, все зависит от настроения, как правило это что-то спокойное и умиротворенное. Вегетарианка, но иногда ем рыбу или морепродукты. Я хочу создать семью, родить детей с надежным мужчиной, желательно русским, так как менталитет иностранца может быть чужд.','5315fbf7-8642-11ee-84d2-005056c00001'),(17,'Наташа','89111134556','mow',3.9,1,15,'Высшее образование, свободно владею английским, умею водить авто и мотоцикл. Мастер спорта по художественной гимнастике,сейчас профессионально танцую все виды танцев, делаю свой контент по растяжке, шпагату, хочу открыть свой студию воздушной гимнастки. Участвовала в конкурсах красоты, но не стала заниматься профессионально модельной деятельностью. Бегаю в лесу, прыгаю на лошадях, люблю готовить, вредных привычек нет. Ищу свою близкую душу, опору, плечо.','5315fd4e-8642-11ee-84d2-005056c00001'),(18,'Влада','89111134556','mow',4,1,16,'Окончила школу с золотой медалью. Поступила в Кубанский Государственный Университет на факультет РГФ «История Культуры России и Северной Америки» (Сравнительное культуроведение и страноведение). После окончания продолжила обучение: магистратура «Журналистика и PR». Окончила с красным дипломом. Обучалась маркетингу. Работала моделью в США, Германии и Японии. Но больше относилась к этой деятельности как к хобби, так как получала серьезное образование. Работала на телеканале \"Кубань 24\" корреспондентом. Но сердцу осталась близка fashion-индустрия, поэтому в прошлом году официально открыла модельное агенство и буквально за год вывела его на первое место в Краснодаре. Сотрудничаю с московскими и международными модельными агентствами.','5315fe9c-8642-11ee-84d2-005056c00001'),(21,'Настенька','89881852588','mow',0,0,17,'','53160015-8642-11ee-84d2-005056c00001'),(22,'Настя','89282928971','mow',4.6,1,18,'Профессиональная фотомодель, занимаюсь танцами. Работаю в сфере эскорта.','53160167-8642-11ee-84d2-005056c00001'),(24,'Света','89611741561','mow',3.2,1,19,'Миниатюрная красотка буду рада встречи с порядочным, обеспеченным мужчиной. Встречи только на материальной основе','5316026b-8642-11ee-84d2-005056c00001'),(25,'Кира','89611741562','mow',4.2,1,20,'Работаю в сфере эскорта. Пиши если уверен в себе и знаешь чего хочешь!','5316036e-8642-11ee-84d2-005056c00001'),(26,'Жанна','89923456784','mow',3,1,21,'Милая развратница, приглашу в гости или приеду к тебе. Умею много, всегда на позитиве!','5316045b-8642-11ee-84d2-005056c00001'),(27,'Лилия','89922455678','mow',4.7,1,22,'Професионально танцую стриптиз. Работаю в сфере эскорта','5316055c-8642-11ee-84d2-005056c00001'),(28,'Николь','892929711766','led',4,1,23,'Эскорт! Эскорт! Эскорт!','5316064f-8642-11ee-84d2-005056c00001'),(29,'Алена','89211714671','led',3.8,1,24,'Алёна - девушка с прекрасной нежной кожей и очень красивыми чертами лица. Она очень внимательна к своей коже и следует строгому режиму ухода, чтобы всегда выглядеть здорово! Модель обожает заниматься спортом и обладает гибким и подтянутым телом. Её красивые черты лица помогают ей выглядеть очень привлекательно и деликатно. Она предоставляет эскорт-услуги в Москве и Спб, пишите!','53160738-8642-11ee-84d2-005056c00001'),(30,'Элона','89531311377','svx',3.4,1,25,'Элона - спортивная и горячая блондинка. Регулярно занимается спортом, чтобы держать свое тело в отличной форме. Просто обожает вечеринки и знакомства с новыми людьми. Готова быть вашей спутницей на любом мероприятии и привнести страсть и огонь любви в вашу жизнь!','53160840-8642-11ee-84d2-005056c00001'),(31,'Вика','89891234567','rov',4,1,26,'Ищу притягательного мужчину который готов идти со мной на маленькие приключения))) Спортивная, страстная девушка которая готова исполнить любой твой каприз. Хочу подарить тебе самую лучшую ночь в твоей жизни( а может и не одну)','5316092d-8642-11ee-84d2-005056c00001'),(32,'Ева','89181234556','krr',3.8,1,27,'Ева - красивая девушка с длинными русыми волосами и голубыми глазами. У неё отличное тело, которым она сможет доставить вам истинное удовольствие. Обладает особой энергетикой и обаянием, которое привлекает солидных мужчин. Очень общительная и легко находит общий язык с людьми, может поддержать любую беседу довольно начитанная девушка с высшим гуманитарным образованием.','53160a16-8642-11ee-84d2-005056c00001'),(33,'Иришка','89384556131','ovb',3.6,1,28,'Изящная и утонченная девушка. Она открыта всем телом и душой к новым знакомствам и просто обожает встречи в элитных ресторанах и на мероприятиях. Заказав эскорт-сопровождение от этой львицы, вы испытаете целую палитру незабываемых эмоций!','53160b29-8642-11ee-84d2-005056c00001'),(34,'Анжела','89111314556','led',4.7,1,29,'Модель, снимаюсь для рекламы в интернете (шоурум, магазин женской одежды, магазин женского белья). Занимаюсь спортом, 7 лет занималась гимнастикой, рисую. Стараюсь активно проводить свободное время. Обожаю гулять по утрам, хожу на различные культурные мероприятия, читаю. Умею и люблю готовить, к вредным привычкам отношение нейтральное. Буду рада познакомиться с приятным, состоятельным мужчиной. Подарю ему тепло, поддержку, эмоции и впечатления.','53160c1c-8642-11ee-84d2-005056c00001'),(35,'Мила','89111134599','led',4.6,1,30,'Родом из Сочи, но последнее время живу а США, учусь на дизайнера. Принимала участие в различных конкурсах красоты: «мисс Россия», «лучшая Модель юга России». Увлечения: путешествия, йога, пилатес, сёрфинг, дайвинг. Поддержу любой разговор на интересную тему.','53160d0c-8642-11ee-84d2-005056c00001'),(36,'Зайка','89111314577','led',4.1,1,31,'Яркая голубоглазая блондинка. Получаю высшее образование (социология и управление), работаю логистом в транспортной компании. Люблю читать книги (классическую литературу), есть художественное образование, умею готовить (любимое блюдо паста). Нейтральное отношение к вредным привычкам, хожу в спортзал. Есть загранпаспорт, допускаю переезд. Ищу властного, харизматичного мужчину, способного сделать меня счастливой, возможно женатого, для длительных отношений с содержанием (до этого на содержании не была).','53160df4-8642-11ee-84d2-005056c00001'),(37,'Каролина','89113461788','led',3.9,1,32,'Каролина - настоящая богиня соблазна и страсти. Её стройное тело словно создано для того, чтобы завораживать и вести в искушение. Её бёдра изгибаются совершенно идеально, а ноги кажутся бесконечными. Её кожа бархатиста и нежна на ощупь, словно персик. Но это не самое интересное в ней - Каролина горячая и страстная, и её характер точно не оставит равнодушным никого. Она умеет быть развратной и игривой, но и настоящей львицей в постели. Неудивительно, что мужчины просто падают к её ногам и не могут устоять перед её очарованием. С ней никогда не бывает скучно, и каждая встреча с ней - это настоящий подарок!','53160f0a-8642-11ee-84d2-005056c00001'),(38,'Стэла','89141814716','ovb',4,1,33,'Работаю моделью с 14 лет. Победительница многих конкурсов красоты: Top Model 2020, 1-я вице Мисс Россиянка 2019, Мисс натуральность 2019, 2-я вице мисс Всероссийская Императрица 2019, 2-я вице мисс Queen 2019, Indiva Fashion Moscow, Miss International 2019, Miss Fitnes 2019. Снималась в клипах, в сериале с Гошей Куценко, напечатали в журнале Anturag. Сдала ГТО на золото, занимаюсь фитнесом. Раньше занималась танцами, верховой ездой, бильярдом, скалалазаньем. Закончила музыкальную школу по трем специальностям (фортепиано, флейта, орган), пою. Блогер, вела канал на youtube, сейчас веду инстаграм, занимаюсь обработкой фотографий. Умею вкусно готовить. К курению отношусь крайне негативно, очень редко могу позволить себе выпить. Есть загранпаспорт, немного владею английским и немецким языками, планирую получить права, в будущем допускаю переезд.','5316102e-8642-11ee-84d2-005056c00001'),(39,'Ангелина','89241214556','ovb',4.3,1,34,'Фотомодель. Учусь на дизайнера. Много путешествую и всегда открыта к новым предложениям','531611e5-8642-11ee-84d2-005056c00001'),(40,'Яна','89161714556','ovb',3.2,1,35,'Хороший открытый человек, могу найти общий язык абсолютно со всеми. Много не нужно для счастья, но и в шалаш не готова переехать','53161330-8642-11ee-84d2-005056c00001'),(41,'Кристина','89651712346','ovb',4,1,36,'Молоденькая симпотяжка, жду своего принца. В эскорте совсем недавно, хочу лёгких отношений с материальной поддержкой','53161540-8642-11ee-84d2-005056c00001'),(42,'Катя','89277241686','mmk',3.9,1,37,'Окончила Университет им Лесгафта. Работаю тренером по художественной гимнастике, также моделью, хореографом, рисую. Участвовала в шоу \"Танцы\" на ТНТ.','5316165a-8642-11ee-84d2-005056c00001'),(43,'Лиза','89612314565','mmk',0,0,38,'','531617a0-8642-11ee-84d2-005056c00001'),(44,'Марина','89614566785','mmk',4.2,1,39,'анимаюсь спортом на регулярной основе, без вредных привычек. В поисках постоянных отношений, основанных на взаимной симпатии. Важна материальная поддержка от мужчины.','531618e8-8642-11ee-84d2-005056c00001'),(45,'Лара','89191234536','mmk',3.7,1,40,'Если тебе есть что предложить, то расмотрю любые варианты. Долгие переписки не веду, могу приехать сама!','53161a36-8642-11ee-84d2-005056c00001'),(46,'Виктория','89191234577','mmk',3.2,1,41,'Работаю, на учёбе в академе. Работы две: свой маленький бизнес в Таиланде удаленно и в компании управление проектом по развитию репутации в интернете - Online reputation management (сфера маркетинга). Учусь на маркетолога, получаю дополнительное образование. В академ ушла из-за загруженности в работе, пока что это приоритетнее. Образование которое уже есть: специалист по туризму, веб-дизайн. Из хобби: пишу картины, пишу музыку (в программе), изучаю игру на синтезаторе. Хочу встретить умного, успешного и сильного мужчину для отношений, потому что сама такая.','53161bb5-8642-11ee-84d2-005056c00001'),(47,'Лилия','89233445617','mmk',3.6,1,42,'Действующая фотомодель, участвую в различных показах. Всегда в поисках новых отношений и приятных встреч','53161cb2-8642-11ee-84d2-005056c00001'),(48,'Ника','89122471756','arh',3.8,1,43,'Люблю красивый отдых и приятные встречи, легко могу поддержать любую компанию. Всегда готова к новым приключениям!','53161d9c-8642-11ee-84d2-005056c00001'),(49,'Марина','89124567656','arh',3.2,1,44,'Работа: консьерж-агентство. Окончила педагогический колледж (учитель английского), университет физкультуры - менеджер в спорте. Владею английским, изучаю испанский, есть права. Визы шенген и Новая Зеландия. Хобби: тренаж зал, сквош, теннис, лыжи, путешествия. Интересуют знакомства для серьезных отношений, готова к перееду и рождению детей.','53161e8a-8642-11ee-84d2-005056c00001'),(50,'Ира','89121534565','arh',3.4,1,45,'Пробуждаю желание!!!','53161f74-8642-11ee-84d2-005056c00001'),(51,'Даша','89121412242','arh',3,1,46,'Юная развратница, люблю заниматся сексом и тусить в хороших клубах','5316205c-8642-11ee-84d2-005056c00001'),(52,'Вика','89121234556','arh',4.1,1,47,'Настоящая фитоняшка, всегда на диете, не курю не пью вообще. Люблю заниматься спортом, много бегаю, вкусно готовлю','53162193-8642-11ee-84d2-005056c00001'),(53,'Анна','89141711273','kgd',3.6,1,48,'Фотомодель, победительница различных конкурсов красоты.','531622a8-8642-11ee-84d2-005056c00001'),(54,'Рита','89231356789','kgd',0,0,49,'','53162399-8642-11ee-84d2-005056c00001'),(55,'Лиза','89131234356','kgd',3.8,1,50,'Молоденькая красотка, без грамма силикона вся натуральная с хорошей фигурой и весёлым характером. Хочу познакомится с успешным мужчиной старше меня(семейного) для нечастых встреч.Учусь в институте и нуждаюсь в материальной поддержке','5316249e-8642-11ee-84d2-005056c00001'),(56,'Кристина','89143211276','kgd',0,0,51,' ','5316258a-8642-11ee-84d2-005056c00001'),(57,'Вероника','89233456756','kgd',4.2,1,52,'Красивая студентка, юная и милая красотка без грама силикона, своя красивая грудь и отличная фигура. Регулярно занимаюсь спортом и поддерживаю свою фигуру в отличной форме. Всегда готова поддержать любую компанию общительная со мной не скучно как на мероприятии так и уединившись в номере ','5316268f-8642-11ee-84d2-005056c00001'),(58,'Ирина','89121321451','voz',3.2,1,53,'Привет! Я - девушка, которая любит жизнь во всех её проявлениях! Я ценю комфорт и уверенность в завтрашнем дне, поэтому предпочитаю общество успешных и обеспеченных мужчин. Мой взгляд на отношения прост: взаимопонимание, взаимоподдержка и, конечно же, внимание к деталям.В ночном клубе я подрабатываю, создавая веселую атмосферу и получая удовольствие от общения. Я уверена, что жизнь должна быть насыщенной, и в этом мне помогает моя работа.\n\nЦенности для меня важны, и я ожидаю, что мой партнер будет разделять мою философию. Если ты готов подарить мне внимание, заботу и, конечно же, приятные сюрпризы, давай начнем наше увлекательное путешествие в мире взаимопонимания и удовольствия. Я жду встречи с интересным и обеспеченным мужчиной, который готов подарить мне частичку своего мира. Давай познакомимся и создадим что-то особенное! ','53162779-8642-11ee-84d2-005056c00001'),(59,'Полина','89121345647','voz',4.6,1,54,'Привет! Я - энергичная, миниатюрная блондинка с зелеными глазами, полна жизни и готова к новым приключениям! Моя страсть к фитнесу привела меня к победе в конкурсе фитнес бикини, и я горжусь своими достижениями.\nВстречаюсь в первую очередь для души, но и привыкла брать от жизни только лучшее поэтому пиши если тебе есть что предложить!','53162876-8642-11ee-84d2-005056c00001'),(60,'Юлия','89111134556','voz',4.2,1,55,'Харизматичная брюнетка, люблю клубы и тусовки, много путешествую. ','531629d9-8642-11ee-84d2-005056c00001'),(61,'Натали','89246789999','voz',3.2,1,56,'Люблю уверенных в себе мужчин, которые знают чего хотят от девушки и которым есть что предложить ей. Всегда готова к новым знакомствам. Пиши!','53162b2f-8642-11ee-84d2-005056c00001'),(62,'Катя','89123456777','voz',3.3,1,57,'Полность натуральная красотка с хорошей фигурой и приятной внешностью. Своя небольшая но красивая грудь. В поисках новых отношений. Пиши!','53162c25-8642-11ee-84d2-005056c00001'),(63,'Лена','89277563718','ego',3.9,1,58,'Секси фотомодель, участвовала в различных показах нижнего белья. Очень раскрепощённая и открытая к новым знакомствам. Жду ваших предложений!','53162d10-8642-11ee-84d2-005056c00001'),(64,'Изабелла','89172667654','ego',3.6,1,59,'Здравствуй! Я - девушка, для которой роскошь - не только внешний блеск, но и внутренняя гармония. С высшим образованием в кармане и страстью к языкам, я создаю свою уникальную историю.\n\nМоя жизнь наполнена красотой и утонченностью, и я ценю тот момент, когда вокруг меня все лучшее. Владение несколькими языками помогает мне не только путешествовать, но и находить общий язык с разными культурами. Я люблю разнообразие и разносторонность, и именно это делает мою жизнь увлекательной.\n\nМоя независимость не исключает того, что иногда каждая девушка нуждается в материальной поддержке. Я ценю комфорт и стабильность в отношениях, где обоюдно уважение и понимание. Меня привлекает идея доверенного партнера, который готов поддерживать меня в моих начинаниях.\n\nЯ люблю искусство, культуру и путешествия, и моя жизнь - это постоянное стремление к чему-то большему. Если ты разделяешь мою страсть к жизни, готов к взаимопониманию и готов создать вместе со мной историю роскоши и удовлетворения, давай поговорим. Я жду партнера, готового делиться этим благосостоянием и создавать совместные воспоминания. ?✨','53162dfb-8642-11ee-84d2-005056c00001'),(65,'Леся','89171213766','ego',3.8,1,60,'Яркая харизматичная студентка, всегда в поисках новых отношений и всегда рада новым знакомым. Встречаюсь с мужчинами которым есть что предложить девушке','53162fb7-8642-11ee-84d2-005056c00001'),(66,'Роза','89561213456','ego',4.2,1,61,'Женственная и ласковая, общительная и гостеприимная, страстная и эмоциональная.??? На встречах я всегда красивая, ухоженная, полна жизненной и сексуальной энергии','531631c9-8642-11ee-84d2-005056c00001'),(67,'Кира','89171214556','ego',4.6,1,62,'Я страстная и сексуальная девушка, готовая погрузиться с тобой в мир наслаждения и эротических фантазий. Со мной каждая минута будет наполнена страстью и удовольствием, я готова исполнить твои самые смелые желания.','531632c2-8642-11ee-84d2-005056c00001'),(68,'Таша','79288654768','mow',0,0,63,'','531633ac-8642-11ee-84d2-005056c00001'),(69,'Вика','89533500034','svx',4.7,1,64,'Спортсменка, окончила школу с золотой медалью, хорошо готовлю, играю за женскую сборную по футболу, и слежу за всеми футбольными событиями! Нужен щедрый адекватный мужчина! Умею много!','53163a66-8642-11ee-84d2-005056c00001'),(70,'Венера','89221127356','svx',3.9,1,65,'Мис Новосибирск 2020','53163be8-8642-11ee-84d2-005056c00001'),(71,'Инга','89631757333','svx',3.8,1,66,'Роскошная голубоглазая блондинка, с отличной фигурой и мягким характером. Могу подстроится под любого партнера.','53163cd7-8642-11ee-84d2-005056c00001'),(72,'Наташа','89641324588','svx',3.8,1,67,'Сладкая, сексуально-романтичная молодая леди! Наполню тебя чувствами и энергией, подарю незабываемый отдых и оставлю незабываемое приятное впечатление!! ','53163df9-8642-11ee-84d2-005056c00001'),(73,'Женя','89633756717','cek',3.3,1,68,'Нравится шик и блеск!','53163f6c-8642-11ee-84d2-005056c00001'),(74,'Ника','89111134557','ufa',3.8,1,69,'Горячая штучка в постели - жарче меня, только испеченный пирог! Я развратница, со мной Вы получите нереальный заряд нежности, легкости и эйфории! Для состоятельных мужчин) ','5316409b-8642-11ee-84d2-005056c00001'),(75,'Илона','89111134667','ufa',0,0,70,'','531641ac-8642-11ee-84d2-005056c00001'),(76,'Миа','89111134771','ufa',0,0,71,'','53164690-8642-11ee-84d2-005056c00001'),(77,'Света','89241711346','ufa',2.9,1,72,'Натуральная блондинка, с хорошей фигурой подарю тебе массу приятных ощущений','531647cc-8642-11ee-84d2-005056c00001'),(78,'Вика','89241711766','ufa',2.8,1,73,'Девочка огонь, нежная страстная, возьми меня!','531648b4-8642-11ee-84d2-005056c00001'),(79,'Полина','89649033749','ufa',2.4,1,74,'Красивая девушка, люблю секс и куни','53164998-8642-11ee-84d2-005056c00001'),(80,'Айза','89242415617','ufa',0,0,75,'','53164a8a-8642-11ee-84d2-005056c00001'),(81,'Элен','89993456789','ufa',4.4,1,76,'Визажист, бровист, мастер по перманентному макияжу.','53164b7c-8642-11ee-84d2-005056c00001'),(82,'Виктория','89121134586','ufa',2.3,1,77,'Со мной ты забудешь обо всех своих проблемах, мои пальчики и горячий язычок приведут тебя в экстаз и восторг, поверь ты ещё долго будешь вспоминать наши проказы. Приглашаю к себе или с радостью приеду к тебе.','53164c78-8642-11ee-84d2-005056c00001'),(83,'Александра','89121134586','ufa',2.9,1,78,'Ищу спонсора, расматриваю переезд в любой город России и СНГ','53164d60-8642-11ee-84d2-005056c00001'),(84,'Виолета','89131134556','ufa',2.9,1,79,'Встречусь с порядочным мужчиной за материальную поддержку','53164e70-8642-11ee-84d2-005056c00001'),(85,'Лена','89211134556','ufa',2.1,1,80,'Работаю!!!','53164f60-8642-11ee-84d2-005056c00001'),(86,'Айза','89233174657','stw',4.2,1,81,'Училась на дизайнера. Ищу спонсора!!!','53165048-8642-11ee-84d2-005056c00001'),(87,'Вика','86511112312','stw',4.5,1,82,'Полностью натуральная красотка с бархатной кожей и юным телом, отдамся в хорошие руки!','5316512f-8642-11ee-84d2-005056c00001'),(88,'Анжела','89191214556','stw',4.8,1,83,'Высшее образование (тележурналист), также обучалась по специальности «Реклама и PR» и товароведение. Имею много профессиональных достижений. Я девушка с обложки Playboy Россия № 11 за 2020 год. В 2019 году обложки и интервью со мной публиковали такие известные журналы, как «Женское здоровье», «Silver», «Модный дом». Вошла в «Топ-40 самых красивых девушек» по версии журнала «Модный дом» 2018 года. Вице-мисс Рунета - 2018. Свою карьеру на телевидении я начала с работы корреспондентом, а затем вела телепрограмму о красоте на московском телеканале. Работала заместителем управляющего фитнес-клуба, а по сути — управляющей в течение полутора лет. Ныне я независимый эксперт в области красоты, бьютиблогер. Частая гостья телепрограмм в качестве эксперта. Являюсь лицом корейской клиники, также сотрудничаю с клиниками Израиля. Люблю готовить, не курю, выпиваю по праздникам. Добрая, заботливая, воспитанная и уравновешенная. Есть шенген, допускаю переезд. Ищу постоянные отношения, в перспективе замужество, с успешным и заботливым мужчиной.','53165241-8642-11ee-84d2-005056c00001'),(89,'Виолета','89191415676','stw',2.8,1,84,'Индивидуалка, пиши всё обсудим!','53165340-8642-11ee-84d2-005056c00001'),(90,'Жанна','89191215676','stw',4.7,1,85,'Яркая красивая девушка в поисках интересных знакомств и острых ощущений. Очень люблю роскошь, и дорогие подарки. Готова подарить всю себя взамен!','53165428-8642-11ee-84d2-005056c00001'),(91,'Лиза','89211234556','kzn',4.9,1,86,'Профессионально танцую стриптиз, работаю в элитных клубах Москвы, расматривая переезд в другие регионы России','53165515-8642-11ee-84d2-005056c00001'),(92,'Ева','89121475676','kzn',3.9,1,87,'Высшее образование Fordham University, Bachelor degree in Economics, в совершенстве владею английским, есть водительские права. Сейчас занимаюсь консалтингом в fintech индустрии, занимаюсь изучением возможностей искусственного интеллекта, в будущем планирую интеллектом естественным контролировать работу искусственного, чтобы он зарабатывал деньги вместо меня. В прошлом являюсь сооснователем криптовалютой платформы на основе блокчейна. Получила визу талантов в Австралию как специалист в сфере fintech. Была председателем комитета по сбору средств на благотворительные проекты social club в Нью-Йорке, New York junior league (один самых престижных, старейших женских клубов, в которых состояли жена и дочери Дж.Буша, Элеонора Рузвельт и т.д. Хобби - цигун, теннис, верховая езда, вокал, бачата. Не люблю сильно острую еду. Ищу достойного, успешного, щедрого мужчину, которым захочется восхищаться, любить и заботиться, чтобы он стал для меня настоящим примером, вдохновлял меня на борщи и бизнесы, вместе мы исколесили весь мир, ну или весь Ямало-ненецкий автономный округ, если он не выездной, чтобы мы много смеялись и пили вино. Детей нет, в перспективе планирую, но это зависит от наличия достойного папы.','53165624-8642-11ee-84d2-005056c00001'),(93,'Камила','89111134556','kzn',0,0,88,'','53165713-8642-11ee-84d2-005056c00001'),(94,'Кристина','89111134578','kzn',3.4,1,89,'Воспитанная девочка. Знаю манеры и как вести себя в обществе. Я стильная во всем, и в близости тоже. Не терплю суеты в постели. Все должно быть красиво!','531657f7-8642-11ee-84d2-005056c00001'),(95,'Лена','89245678989','kzn',3.4,1,90,'Мои формы вызывают возбуждения в каждого, но мои навыки стоят намного большего. Я девушка очень горячая и ненасытная, проверим выносливость друг друга?) ','531658dc-8642-11ee-84d2-005056c00001'),(96,'Рита','89121134557','kzn',0,0,91,'','531659ce-8642-11ee-84d2-005056c00001'),(97,'Алиса','89141134656','cek',4,1,92,'Милая, юная красотка занимаюсь спортом учусь на дизайнера, с радостью приглашу тебя в гости. Со мной всегда легко и весело! ','53165ab8-8642-11ee-84d2-005056c00001'),(98,'Анна','89141134586','cek',3.7,1,93,'Развратная бестия, очень опытная в постели знаю как доставить мужчине настоящее удовольствие.','53165ba9-8642-11ee-84d2-005056c00001'),(99,'Кристина','89541211451','cek',3.9,1,94,'акончила Технологический университет, факультет государственное и муниципальное управление, водительские права есть. Работаю в ювелирной отрасли, менеджер по продажам ювелирных изделий. Занималась на протяжении 15 лет профессиональными танцами (хореография). В свободное время посещаю спортзал, бассейн, изучаю английский язык, веду активный образ жизни. Есть безумное желание познакомиться с умным, успешным , порядочным , внимательным, с чувством юмора ,уверенным в себе мужчиной, чтобы были совместные взгляды и интересы на жизнь,чтобы было взаимопонимание, доверие, уважение друг другу, в дальнейшем на серьёзные отношения и построение семьи, включая совместных детей. Допускаю переезд.','53165c91-8642-11ee-84d2-005056c00001'),(100,'Елена','89649033740','cek',3.8,1,95,'Высшее образование (студентка магистратуры), лингвист, преподаватель русского языка как иностранного. Модель, ведущая. Участница и победительница ряда конкурсов красоты (Краса Курского Края - 2014, Краса Центрального федерального округа - 2014, Мисс интеллект России - 2014).','53165d97-8642-11ee-84d2-005056c00001'),(101,'Рима','89541211452','pee',4.6,1,96,'Элегантная и очень страстная леди, ищу доминантного самца, не против попробовать БДСМ','5316622b-8642-11ee-84d2-005056c00001'),(102,'Маша','89121345676','pee',0,0,97,'','53166340-8642-11ee-84d2-005056c00001'),(103,'Мила','89141134556','pee',3.2,1,98,'Милый, хочешь ощутить порыв страсти, эмоций извергающиеся изнутри тебя? Ты будешь хотеть всё больше и больше моих ласк, прикосновений, будешь умолять меня довести тебя до максимального удовольствия. Звони и приезжай в гости) ','53166427-8642-11ee-84d2-005056c00001'),(104,'Лена','89233174651','pee',0,0,99,'','5316650e-8642-11ee-84d2-005056c00001'),(105,'Снежанна','89649033749','pee',4.9,1,100,'Натуральная грудь 3, (85-65-95), голубоглазая блондинка. Высшее образование, экономист. Занимаюсь шейпингом, восточными танцами, иногда пишу стихи, хожу в кино, театры. Есть загранпаспорт, владею базовым английским, допускаю переезд. Разведена, есть ребёнок. Ищу стабильные отношения с содержанием.','53166607-8642-11ee-84d2-005056c00001'),(106,'Женя','89711237656','kuf',0,0,101,'','53166720-8642-11ee-84d2-005056c00001'),(107,'Анна','89677876757','kuf',2.7,1,102,'Милый, хочешь ощутить порыв страсти, эмоций извергающиеся изнутри тебя? Ты будешь хотеть всё больше и больше моих ласк, прикосновений, будешь умолять меня довести тебя до максимального удовольствия. Звони и приезжай в гости) ','53166806-8642-11ee-84d2-005056c00001'),(108,'Сабина','89134566776','kuf',4.8,1,103,'Я само очерование, очень естественная и натуральная красота ни грама силикона. Есть высшее образование. Готова к переезду','53166902-8642-11ee-84d2-005056c00001'),(109,'Диана','89173465757','kuf',0,0,104,'','531669eb-8642-11ee-84d2-005056c00001'),(110,'Кристина','89244565678','kuf',3.9,1,105,'Сексапильная брюнетка с отличными формами и упругой попкой, всегда на связи жду ваших предложений. Танцую тверк стриплиз профи. Искустна в постели и очень развратна!','53166ad4-8642-11ee-84d2-005056c00001'),(111,'Елена','89783415676','rtw',3.2,1,106,'У меня есть всё что нужно мужчине, лёгкий характер без короны и понтов, упругое нежное тело и милое личико. Отвечаю быстро, жду ваших предложений!','53166bb9-8642-11ee-84d2-005056c00001'),(112,'Диана','89711234556','rtw',4.2,1,107,'Всегда в поисках новых предложений, умею много и всегда готова пробовать что то новое. Пиши!','53166c9d-8642-11ee-84d2-005056c00001'),(113,'Яна','89277687656','rtw',3.6,1,108,'Кареглазая брюнетка, татарка. Высшее образование, PR-менеджер. Работаю в агентстве недвижимости, раньше был свой салон красоты. Люблю путешествия, хожу в спортзал, занимаюсь верховой ездой, горными лыжами. Хорошо готовлю, одни из любимых блюд самса, шурпа, стейки. Не курю, выпиваю иногда. Была в браке 6 лет, ребенку 5. Есть загранпаспорт, шенген, вожу автомобиль, допускаю переезд любой регион России и СНГ','53166d84-8642-11ee-84d2-005056c00001'),(114,'Оксана','89277765624','rtw',4,1,109,'Длинноногая красотка с отличной фигурой, душа любой компании, со всеми веду себя приветливо всегда улыбаюсь и стараюсь создать весёлую атмосферу в компании. В постели развратна и раскрепощённа стараюсь не отказывать не в чём ','53166e77-8642-11ee-84d2-005056c00001'),(115,'Вера','89567899111','rtw',4.7,1,110,'Высшее образование, экономист-международник. Самозанятая в сфере недвижимости и спорта. Люблю спорт (бегаю марафоны, сажусь на шпагаты), предпочитаю здоровый образ жизни, умеренное питание. Интересуют серьёзные отношения, рождение ребёнка возможно после заключения брака. Есть загранпаспорт, права, допускаю переезд.','53166f7f-8642-11ee-84d2-005056c00001'),(116,'Анастасия','89121234556','goj',2.8,1,111,'Я отлично владею своим язычком и готова продемонстрировать это тебе. Я очень люблю страстный секс и горячих мужчин. Звони я уже мокрая.','5316706e-8642-11ee-84d2-005056c00001'),(117,'Вика','89141134556','goj',4.2,1,112,'Зеленые глаза, русые волосы. Высшее экономическое образование. В данный момент не работаю, последнее место работы - транспортная компания, помощник руководителя. В свободное время хожу в фитнес-клуб, читаю книги, гуляю, посещаю курсы английского. Готовить умею и люблю, не курю, выпиваю редко. Есть права, но машины нет. Ищу серьёзные отношения или любовные, хочу встретить настоящего мужчину, который будет любить, ценить и уважать! Желательно до 45 лет, не женатого, доброго, состоятельного, порядочного.','53167198-8642-11ee-84d2-005056c00001'),(118,'Рима','89541211451','goj',3.9,1,113,'Красивая, ухоженная, хожу в зал. Не пью, не курю. Учусь на психолога. Ищу спонсора, или простос кем можно провести приятно время за мат. поддержку','5316729b-8642-11ee-84d2-005056c00001'),(119,'Анна','89242311576','goj',4.9,1,114,'Та самая!!!','53178758-8642-11ee-84d2-005056c00001'),(120,'Камила','89145677890','goj',4.5,1,115,'Кареглазая брюнетка. Учусь в РАНХИГС на 2 курсе. Секретарь в строительной компании, модель. Хожу на фитнес.','53178c8c-8642-11ee-84d2-005056c00001'),(121,'Яна','89233456571','rov',4.8,1,116,'Сексуальная молодая без комплексов, звони пиши, всё обсудим!','53178e52-8642-11ee-84d2-005056c00001'),(122,'Лена','89231211767','rov',4.7,1,117,'Модель, участница многих конкурсов красоты. Представляет Россию на конкурсе красоты Miss Cappadocia - 2022. Работает в рекламном агентстве.','53178f6c-8642-11ee-84d2-005056c00001'),(123,'Лина','89191123445','rov',4.7,1,118,'Вся натуральная без силикона, действующая фотомодель без тату и пирсинга со своей красивой грудью 3-го размера, очень хочу встретить заботливого мужчину который смог бы меня обеспечивать.','53179078-8642-11ee-84d2-005056c00001'),(124,'Кристина','89532345677','rov',4.9,1,119,'Окончила медицинский университет, работаю врачом-косметологом (свой салон). ','531791b0-8642-11ee-84d2-005056c00001'),(125,'Кристина','89181211345','krr',4.2,1,120,'Люблю активный образ жизни и путешествовать. Всегда готова к новым приключениям.','531792ba-8642-11ee-84d2-005056c00001'),(126,'Яна','89643211676','krr',4.2,1,121,'Милая, нежная и общительная девушка. Эстетическое удовольствие, незабываемые ощущения и прилив новых сил гарантирую! Самые шикарные бёдра, сексуальная и привлекательная! С прекрасным удовольствием жду вас!','531793b5-8642-11ee-84d2-005056c00001'),(127,'Полина','89182314556','krr',4,1,122,'Работа: консьерж-агентство. Окончила педагогический колледж (учитель английского), университет физкультуры - менеджер в спорте. Владею английским, изучаю испанский, есть права. Визы шенген и Новая Зеландия. Хобби: тренаж зал, сквош, теннис, лыжи, путешествия. Интересуют знакомства для серьезных отношений, готова к перееду и рождению детей.','531794ab-8642-11ee-84d2-005056c00001'),(128,'Алиса','89643456556','krr',3.7,1,123,'аботаю, на учёбе в академе. Работы две: свой маленький бизнес в Таиланде удаленно и в компании управление проектом по развитию репутации в интернете - Online reputation management (сфера маркетинга). Учусь на маркетолога, получаю дополнительное образование. В академ ушла из-за загруженности в работе, пока что это приоритетнее. Образование которое уже есть: специалист по туризму, веб-дизайн. Из хобби: пишу картины, пишу музыку (в программе), изучаю игру на синтезаторе. Хочу встретить умного, успешного и сильного мужчину для отношений, потому что сама такая.','531795b0-8642-11ee-84d2-005056c00001'),(129,'Барбара','89184567899','aer',3.8,1,124,'Окончила медицинский университет, работаю врачом-косметологом (свой салон).','531796d4-8642-11ee-84d2-005056c00001'),(130,'Вика','898912345541','aer',3.9,1,125,'Милая, нежная. всегда рада новым знакомствам. Звони пиши!','53179888-8642-11ee-84d2-005056c00001'),(131,'Лиза','892824297712','aer',4,1,126,'Очаровательная и раскрепощенная. Обожаю доставлять удовольствие и создавать приятную атмосферу... Подарю тебе много тепла и ласки, подниму настроение и не только его..., жизненный тонус, заряжу позитивом...))) Жду звоночков!)?','53179b4f-8642-11ee-84d2-005056c00001'),(132,'Жанна','89282134567','aer',3,1,127,'Учусь заочно, работаю администратором.','53179da6-8642-11ee-84d2-005056c00001'),(133,'Анна','89181214576','aer',4.4,1,128,'Нежная, страстная всегда рада новым знакомствам.','53179ed9-8642-11ee-84d2-005056c00001'),(134,'Инна','891879134516','gdz',4.6,1,129,'Я просто куколка самые длинные натуральные волосы это моя гордость, плюс отличная фигура.','53179fcb-8642-11ee-84d2-005056c00001'),(135,'Алиса','89881478777','gdz',4.7,1,130,'Высшее экономическое образование, экономист. Эрудированная, спокойная, адекватная, внимательная, заботливая, спортивно подготовленная привлекательная девушка. Хобби: живопись, стретчинг, горные лыжи.','5317a0c0-8642-11ee-84d2-005056c00001'),(136,'Кристина','89288979721','gdz',4.6,1,131,'Милая раскрепощённая брюнетка, составлю компанию обеспеченному господину. Всегда на позитиве и очень общительная','5317a1d2-8642-11ee-84d2-005056c00001'),(137,'Миа','89181415671','gdz',3.9,1,132,'Занимаюсь танцами на шесте, люблю эротику и все что с ней связано. Встречаюсь на высоких каблуках и в шикарных нарядах.','5317a2c0-8642-11ee-84d2-005056c00001'),(138,'Катя','89655456555','gdz',4.2,1,133,'Зеленые глаза, русые волосы. Высшее экономическое образование. В данный момент не работаю, последнее место работы - транспортная компания, помощник руководителя. В свободное время хожу в фитнес-клуб, читаю книги, гуляю, посещаю курсы английского. Готовить умею и люблю, не курю, выпиваю редко. Есть права, но машины нет. Не замужем , есть сын 6 лет. Ищу серьёзные отношения или любовные, хочу встретить настоящего мужчину, который будет любить, ценить и уважать! Желательно до 45 лет, не женатого, доброго, состоятельного, порядочного.','5317a3c3-8642-11ee-84d2-005056c00001'),(139,'Лилия','89294211747','ptg',3.8,1,134,'Увлекаюсь искусством, люблю ходить в галереи, музеи. А свои вечера провожу в уютных ресторанах Москвы, я легка в общении и буду рада познакомиться с тобой.','5317a4ac-8642-11ee-84d2-005056c00001'),(140,'Женя','89198771243','ptg',3.7,1,135,'Люблю романтический отдых, создам приятную, любовную атмосферу, чтобы ты расслабился и получил настоящее удовольствие со мной.','5317a596-8642-11ee-84d2-005056c00001'),(141,'Полина','89198712455','ptg',4.9,1,136,'Модель, участвую в различных фото и видео съемках. Люблю знакомиться и красиво отдыхать с успешными мужчинами, я подарю тебе свою ласку и заботу.','5317a689-8642-11ee-84d2-005056c00001'),(142,'Катя','89625567899','ptg',3.2,1,137,'С удовольствием встречусь с мужчиной для приятного времяпровождения. Встречаюсь в элегантной и в тоже время сексуальной одежде. Со мной легко и я очень люблю красивое нижнее белье и чулки.','5317a79e-8642-11ee-84d2-005056c00001'),(143,'Света','89292711789','ptg',3.4,1,138,'Знакомлюсь с успешными мужчинами. Океан нежности, душевные разговоры создадут приятную атмосферу нашему отдыху.','5317a88a-8642-11ee-84d2-005056c00001'),(144,'Оксана','89198787655','ksk',4.7,1,139,'Люблю романтический отдых, создам приятную, любовную атмосферу, чтобы ты расслабился и получил настоящее удовольствие со мной.','5317a96f-8642-11ee-84d2-005056c00001'),(145,'Кристина','89272378989','ksk',3.4,1,140,'Люблю путешествовать, хорошие рестораны и, конечно, люблю воспитанных и успешных мужчин. Я подарю свою нежность и ласку.','5317aa5c-8642-11ee-84d2-005056c00001'),(146,'Майя','89562314545','ksk',3.3,1,141,'Действующая модель, участвую в различных проектах. Путешествую. Встречаюсь и знакомлюсь в своё удовольствие.','5317b01e-8642-11ee-84d2-005056c00001'),(147,'Ника','89197871221','ksk',5,1,142,'Нежная молоденькая красотка, люблю встречатся в дорогих отелях и ужинать в хороших ресторанах, всегда стараюсь выглядеть на все 100%, очень раскрепощённая у меня много копплектов красивого нижнего белья, я просто обажаю выглядеть сексуально. На встречах всегда в чулочках и на каблучках. Жду ваших предложений.','5317cfdb-8642-11ee-84d2-005056c00001'),(148,'Роза','89198765432','ksk',5,1,143,'Люблю новые знакомства, общительная, милая. Имею высшее юридическое образование. Ухоженная и очень внимательно отношусь к предпочтениям мужчин в отдыхе.','5317d3a2-8642-11ee-84d2-005056c00001'),(149,'Ксения','89233477766','vog',2.9,1,144,'Я очень легка в общении, со мной ты забудешь обо всех делах и проблемах. Проведёшь время, получив настоящее удовольствие. Мой досуг это фитнес, отдых в хороших ресторанах Москвы, шопинг.','5317d4bd-8642-11ee-84d2-005056c00001'),(150,'Лиза','89199711577','vog',5,1,145,'Я очень искустная совротительница, мне нравится когда мужчина получает удовольствие от встречи со мной, поэтому всегда готовлюсь к встречи с вами очень тщательно, у меня много сексуальных нарадов и я всегда очень внимательна к вашим предпочтениям. Пиши всё обсудим!','5317d5e5-8642-11ee-84d2-005056c00001'),(151,'Вика','89678789124','vog',4.1,1,146,'Занимаюсь фитнесом, люблю шопинг и уютные вечера в ресторанах.','5317d6f5-8642-11ee-84d2-005056c00001'),(152,'Касандрау','89787897124','vog',4.2,1,147,'Шикарная, натуральная и легкая в общении. Проведу романтический вечер в компании воспитанного мужчины.','5317d80f-8642-11ee-84d2-005056c00001'),(153,'Катрин','89674512311','vog',3.8,1,148,'Жду ваших предложений господа!','5317d90c-8642-11ee-84d2-005056c00001'),(154,'Жанна','89279772344','oms',5,1,149,'Очень яркая женственная, натуральная блондинка со своей большой красивой грудью и очень аппетитными формами, составлю компанию обеспеченному мужчине в деловой поездке или с радостью проведу вечер! Всегда на связи, пишите!','5317da43-8642-11ee-84d2-005056c00001'),(155,'Лена','89161711745','oms',5,1,150,'Милая, нежная, естественная с радость проведу вечер в компании воспитанного и галантного мужчины, расмортрю переезд в любой регион РФ.','53180630-8642-11ee-84d2-005056c00001'),(156,'Яна','89171245671','oms',4.9,1,151,'Юнная очаровашка, составлю компанию в путешествии и на светском мероприятии, всегда в отличной форме и могу подстроится под все ваши пожелания','5318082a-8642-11ee-84d2-005056c00001'),(157,'Линда','89712314554','oms',0,0,152,'','5318532b-8642-11ee-84d2-005056c00001'),(158,'Рита','89712345467','oms',3.9,1,153,'Зеленоглазая брюнетка, татарка. Высшее образование, PR-менеджер. Работаю в агентстве недвижимости, раньше был свой салон красоты. Люблю путешествия, хожу в спортзал, занимаюсь верховой ездой, горными лыжами. Хорошо готовлю, одни из любимых блюд самса, шурпа, стейки. Не курю, выпиваю иногда. Была в браке 13 лет, ребенку 9. Есть загранпаспорт, шенген, вожу автомобиль, допускаю переезд в другой регион РФ','53185642-8642-11ee-84d2-005056c00001'),(159,'Лиза','89142311746','kja',0,0,154,'','531857cc-8642-11ee-84d2-005056c00001'),(160,'Вера','89147897898','kja',4.8,1,155,'Окончила с серебряной медалью школу, получила красный диплом РЭУ им. Г.В. Плеханова по специальности маркетолог. 10 лет занималась спортивными бальными танцами. В настоящем предприниматель, творец энергокартин, создатель своей онлайн школы Сакрального Творчества. Всё есть (любимое дело, квартира, машина, реализация, саморазвитие). Ищу сильного осознанного единомышленника, с которым вместе весело и интересно эволюционировать и постигать этот многогранный Мир, получая удовольствие и усиливая и раскрывая потенциал друг друга!','53185bf1-8642-11ee-84d2-005056c00001'),(161,'Анжела','89277611544','kja',4.2,1,156,'Занимаюсь фитнесом, люблю шопинг и уютные вечера в ресторанах.','53186300-8642-11ee-84d2-005056c00001'),(162,'Тина','89567887676','kja',3.9,1,157,'Люблю путешествовать, хорошие рестораны и, конечно, люблю воспитанных и успешных мужчин. Я подарю свою нежность и ласку.','53186486-8642-11ee-84d2-005056c00001'),(163,'Женя','89787612347','kja',3.9,1,158,'С удовольствием встречусь с мужчиной для приятного времяпровождения. Встречаюсь в элегантной и в тоже время сексуальной одежде. Со мной легко и я очень люблю красивое нижнее белье и чулки.','531865dc-8642-11ee-84d2-005056c00001'),(164,'Жасмин','89167276778','ikt',3.7,1,159,'Красивая, страстная Vip эскортница с удовольствием проведет время с интересным мужчиной. Мне нравятся дорогие рестораны и роскошные отели, где можно отдохнуть и расслабиться. Мечтаю о восхитительном отдыхе в компании презентабельного спутника, люблю нежиться под солнцем на пляже, пить коктейли, посещать частные вечеринки. Я – девочка, которая имеет шикарную внешность, идеальную фигуру, большую грудь. Обожаю надевать сексуальное нижнее белье, чтобы порадовать мужчину своими прелестями.','53186b6a-8642-11ee-84d2-005056c00001'),(165,'Леся','89567687971','ikt',3.2,1,160,'Милая, ухоженная с идеальной фигурой. Люблю доставлять истинное наслаждение мужчинам.','53186cba-8642-11ee-84d2-005056c00001'),(166,'София','89713215544','ikt',3.3,1,161,'Провести незабываемый вечер с длинноволосой красавицей может каждый мужчина, который выберет мою анкету. Я умная, нежная, молодая девушка с потрясающей фигурой, большой попой и тонкой талией. Люблю заниматься спортом, а также нежиться на пляже. Предпочитают ужинать в дорогих ресторанах с привлекательным мужчиной. Обеспечу Vip сопровождение на важное мероприятие, после чего мы можем отправиться в отель для воплощения сексуальных фантазий.','5318723e-8642-11ee-84d2-005056c00001'),(167,'Роза','89723215567','ikt',3.8,1,162,'Шикарная, натуральная и легкая в общении. Проведу романтический вечер в компании воспитанного мужчины.','531877b5-8642-11ee-84d2-005056c00001'),(168,'Лиза','89277656688','ikt',3.9,1,163,'Практикую БДСМ!!! Нравится быть нижней!','5318a85f-8642-11ee-84d2-005056c00001'),(169,'Виолетта ','89788971123','tof',4.8,1,164,'Сексуальная, длинноногая блондинка с тонкой талией и большой, упругой грудью, ждет встречи с импозантным мужчиной. Обожаю путешествовать, открывать новые горизонты, дарить яркие эмоции, а также экспериментировать. Агентство эскорт услуг поможет организовать нашу встречу, это может быть ужин в ресторане или отдых в отеле.','5318aad2-8642-11ee-84d2-005056c00001'),(170,'Яна','89678907890','tof',3.2,1,165,'Элегантная, милая девушка. У меня есть внешняя и внутренняя красота. Я девушка, с которой можно выйти в светское общество и вы получите кайф от того, какая с вами леди. ВИП мероприятия, вечеринки, ужин в ресторане.','5318abdf-8642-11ee-84d2-005056c00001'),(171,'Вика','89712345617','tof',4.5,1,166,'Наткральная внешность, и природная красота - это про меня. Пиши, кода будет скучно всегда на связи!','5318acd3-8642-11ee-84d2-005056c00001'),(172,'Роза','89798712345','tof',0,0,167,'','5318adc2-8642-11ee-84d2-005056c00001'),(173,'Мила','897876545231','tof',4.2,1,168,' Я очаровательная, элитная эскортница, которая будет рада встретить вас в Дубае. Я обладаю отличной фигурой и выразительными чертами лица, а также умею танцевать и подавать себя на все 100%. Если вы хотите заказать меня в качестве сопровождающего на ваш праздник или мероприятие просто напиши!','5318aee7-8642-11ee-84d2-005056c00001'),(174,'Света','89179876545','kej',3.3,1,169,'Милая, ухоженная с идеальной фигурой. Люблю доставлять истинное наслаждение мужчинам.','5318afd6-8642-11ee-84d2-005056c00001'),(175,'Лиза','89178761545','kej',3.2,1,170,'Я жгучая брюнетка, которая предлагает эскорт услуги успешным мужчинам. При этом гарантирую умение вести себя в обществе и дарить наслаждение в постели. В эскорте я не так давно, однако интерес к эротике и эрудированность позволили мне влиться в работу и найти в ней удовольствие, с которым мне хочется поделиться.','5318b1ed-8642-11ee-84d2-005056c00001'),(176,'Полина ','89245689871','kej',4.8,1,171,'Я девушка с аппетитными формами и очень мягким характером, думаю это всё что нужно настоящему самцу!','5318b2ea-8642-11ee-84d2-005056c00001'),(177,'Катя','89278677621','kej',2.6,1,172,'Секси леди к вашим услугам!','5318b3fa-8642-11ee-84d2-005056c00001'),(178,'Карина','89716785654','kej',0,0,173,'','5318b54e-8642-11ee-84d2-005056c00001'),(179,'Оксана','89766754321','khv',0,0,174,'','5318b650-8642-11ee-84d2-005056c00001'),(180,'Полина','89786543212','khv',4.2,1,175,'Я по совместительству популярная фотомодель и ГО-ГО танцовщица. Люблю путешествовать и знакомиться с интересными людьми. Также оказывают эскорт услуги в Москве и за границей (Европа, Дубай). ','5318b744-8642-11ee-84d2-005056c00001'),(181,'Аня','89789715344','khv',3.3,1,176,'Секси малышка к вашим услугам!','5318b843-8642-11ee-84d2-005056c00001'),(182,'Киса','89197898787','khv',0,0,177,'','5318b939-8642-11ee-84d2-005056c00001'),(183,'Камила','89647897811','khv',4.2,1,178,'Стриптиз, масаж и многое другое, пиши!','5318ba44-8642-11ee-84d2-005056c00001'),(184,'Оксана','89788972134','vvo',3.4,1,179,'Нежная милая обольстительница, жду ваших предложений!','5318bb3e-8642-11ee-84d2-005056c00001'),(185,'Марина','89678987721','vvo',4.2,1,180,'Фотомодель, занимаюсь эскортом учусь на дизайнера. Любдю дорогие подарки и красивые цветы!','5318bc38-8642-11ee-84d2-005056c00001'),(186,'Саша','89879877132','vvo',4.3,1,181,'С удовольствием встречусь с мужчиной для приятного времяпровождения. Встречаюсь в элегантной и в тоже время сексуальной одежде. Со мной легко и я очень люблю красивое нижнее белье и чулки.','5318bd2d-8642-11ee-84d2-005056c00001'),(187,'Кристина ','89298712345','vvo',4,1,182,'Я очень милая и нежная, учусь в университете. Хочу дарить свою любовь успешному мужчине.','5318be2d-8642-11ee-84d2-005056c00001'),(188,'Катя','89245678199','vvo',4.5,1,183,'Здравствуйте, меня зовут Катя, и я элитная эскортница в Дубае. У меня модельная внешность с милым лицом,в которое вы влюбитесь с первого взгляда. Я идеальный компаньон для ужина в элитном ресторане, где я обязательно оденусь элегантно и надену дорогие украшения, соответствующие случаю.Я хорошо образована и у меня отличное чувство юмора, так что Вам всегда будет о чем со мной поговорить. Я также без предубеждений и предприимчива, поэтому, если у вас есть какие-либо особые пожелания или фантазии, пожалуйста, не стесняйтесь сказать мне. Я всегда готова попробовать что-то новое и сделать ваш опыт как можно более приятным.','5318bf22-8642-11ee-84d2-005056c00001'),(189,'Карина','89164512244','pkc',0,0,184,'','5318c018-8642-11ee-84d2-005056c00001'),(190,'Инна','89623411577','pkc',5,1,185,'Я жгучая брюнетка, которая предлагает эскорт услуги успешным мужчинам. При этом гарантирую умение вести себя в обществе и дарить наслаждение в постели. В агентстве эскорта я не так давно, однако интерес к эротике и эрудированность позволили мне влиться в работу и найти в ней удовольствие, с которым мне хочется поделиться.Мое хобби – это танцы на шесте, поэтому я могу порадовать мужчину эротическим искусством танца на пилоне и стриптизом. Кроме этого, я изучаю английский и уже вполне искусно им владею. Элитные эскорт модели должны иметь высшее образование, чтобы поддержать беседу в любых обстоятельствах, и я не исключение. Свяжитесь с менеджером, чтобы заказать встречу со мной.','5318c11e-8642-11ee-84d2-005056c00001'),(191,'Яна ','89279867856','pkc',0,0,186,'','5318c215-8642-11ee-84d2-005056c00001'),(192,'Анна','89278786676','pkc',0,0,187,'','5318c30d-8642-11ee-84d2-005056c00001'),(193,'Катя','89786765421','pkc',1.8,1,188,'Няшка)','5318c560-8642-11ee-84d2-005056c00001'),(194,'Полина','89112345122','led',4.6,1,189,'Милая, ухоженная с идеальной фигурой. Люблю доставлять истинное наслаждение мужчинам.','5318c690-8642-11ee-84d2-005056c00001'),(195,'Карина','89112314516','led',0,0,190,'','5318c8cb-8642-11ee-84d2-005056c00001'),(196,'Женя','89217561456','led',1.5,1,191,'Такой как я ты больше не встретишь!','5318ca2a-8642-11ee-84d2-005056c00001'),(197,'Инна','89216789987','led',0,0,192,'','5318cb25-8642-11ee-84d2-005056c00001'),(198,'Лилия','89565689041','led',0,0,193,'','5318cc1a-8642-11ee-84d2-005056c00001'),(199,'Рита','89215678911','led',0,0,194,'','5318cd22-8642-11ee-84d2-005056c00001'),(200,'Марина','89213452134','led',2.9,1,195,'Раскрепощённая рыжая бестия!','5318ce29-8642-11ee-84d2-005056c00001'),(201,'Инга','89712345678','led',4.2,1,196,'Инди спб, эскорт! Расмотрю переезд в другой регион, пиши!','5318cf28-8642-11ee-84d2-005056c00001'),(202,'Света','89213456711','led',0,0,197,'Занимаюсь фитнесом, люблю шопинг и уютные вечера в ресторанах.','5318d075-8642-11ee-84d2-005056c00001'),(203,'Зарина','89542314556','led',3.4,1,198,'Я очень легка в общении, со мной ты забудешь обо всех делах и проблемах. Проведёшь время, получив настоящее удовольствие. Мой досуг это фитнес, отдых в хороших ресторанах Москвы, шопинг.','5318d186-8642-11ee-84d2-005056c00001'),(204,'Катерина','89218973142','led',3.8,1,199,'Действующая порнозвезда, участвую в различных проектах. Путешествую. Встречаюсь и знакомлюсь в своё удовольствие.','5318d282-8642-11ee-84d2-005056c00001'),(205,'Таня','89891214566','led',3.4,1,200,'Инди краснодар, занимаюсь эскортом во всех регионах РФ','5318d372-8642-11ee-84d2-005056c00001'),(206,'Женя','89249877898','led',2,1,201,'Инди Омск, расмотрю переез в любой регион РФ','5318d462-8642-11ee-84d2-005056c00001'),(207,'Анжела','89678987712','led',2.1,1,202,'Инди Екб, с удовольствием стану содержанкой и расмотрю любой регион РФ','5318d553-8642-11ee-84d2-005056c00001'),(208,'Линда ','898972137657','ovb',2.2,1,203,'Пиши, расмотрю все варианты!','5318d665-8642-11ee-84d2-005056c00001'),(209,'Кристина ','89278975621','ovb',4.8,1,204,'Я обожаю вечерние романтические вечера, ужины при свечах и классическую музыку. Познакомлюсь с мужчиной для приятного времяпровождения.','5318d757-8642-11ee-84d2-005056c00001'),(210,'Жанна','89578982138','ovb',2.1,1,205,'Индивидуалка, эскорт Ростов. ','5318d849-8642-11ee-84d2-005056c00001'),(211,'Вика','89678975644','ovb',3.6,1,206,'Шикарная, натуральная и легкая в общении. Проведу романтический вечер в компании воспитанного мужчины.','5318d939-8642-11ee-84d2-005056c00001'),(212,'Света','89675431231','ovb',3.4,1,207,'Я сексуальная блондинка с большой упругой грудью и тонкой талией. Я обожаю спорт, который позволяет мне держать свое тело в отличной форме и нравиться мужчинам. Поэтому я выбрала vip эскорт. Ведь мое призвание быть красивой, вызывать желание у мужчин, создавать комфортную для общения атмосферу и украшать собой любое мероприятие или вечеринку.','5318da2e-8642-11ee-84d2-005056c00001'),(213,'Юлия','89279823456','ovb',4,1,208,'Я красива и стройна, легка в общении. Со мной ты разгрузишься психологически и я доставлю тебе удовольствие, только скажи, чего ты хочешь)','5318db42-8642-11ee-84d2-005056c00001'),(214,'Барби','89175653445','ovb',4.9,1,209,'Я очень миниатюрная красавица у меня кукольная внешность и аппетитные формы. Очень люблю лакшери и роскош, ищу успешного и богатого мужчину старше меня, возможно семейного! ','5318dc34-8642-11ee-84d2-005056c00001'),(215,'Катя','89723434567','ovb',4.2,1,210,'Милая, ухоженная с идеальной фигурой. Люблю доставлять истинное наслаждение мужчинам.','5318dd37-8642-11ee-84d2-005056c00001'),(216,'Рита','89289712345','ovb',1.7,1,211,'Индивидуалка Краснодар, легка в ощенинии знаю как доставить удовольствие мужчине!','5318de48-8642-11ee-84d2-005056c00001'),(217,'Полина','89248567218','ovb',4,1,212,'Знакомлюсь с успешными мужчинами. Океан нежности, душевные разговоры создадут приятную атмосферу нашему отдыху.','5318df3c-8642-11ee-84d2-005056c00001'),(218,'Ева','89278643212','ovb',3.2,1,213,'С удовольствием встречусь с мужчиной для приятного времяпровождения. Встречаюсь в элегантной и в тоже время сексуальной одежде. Со мной легко и я очень люблю красивое нижнее белье и чулки.','5318e02d-8642-11ee-84d2-005056c00001'),(219,'Елена','89787612345','ovb',4.4,1,214,'Высокая длинноногая красотка с удовольствием составит компагию обеспеченному мужчине','5318e123-8642-11ee-84d2-005056c00001'),(220,'Катя','89787654321','ovb',1.6,1,215,'Я очень раскрепощённая дама со мной можно попробовать абсолютно всё','5318e21a-8642-11ee-84d2-005056c00001'),(221,'Настя','89245657737','ovb',2.5,1,216,'Всегда в хорошем нпстроении и знаю как поднять его Вам, пишите всё обсудим!','5318e309-8642-11ee-84d2-005056c00001'),(222,'Маргарита','89653411235','ovb',1.7,1,217,'Королева соблазна. Лёгкая доминация или любой твой каприз исполню с истинным наслождением!','5318e400-8642-11ee-84d2-005056c00001'),(223,'Мия ','89243565577','svx',1.9,1,218,'Милая нежная всегда голодная до секса!','5318e4f3-8642-11ee-84d2-005056c00001'),(224,'Ангелина','89532342116','svx',4.6,1,219,'Действующая порнозвезда с идеальным телом и яркой внешностью! Пиши я очень искустна и постели!','5318e5fc-8642-11ee-84d2-005056c00001'),(225,'Рита','89245678979','svx',3.4,1,220,'Люблю путешествовать, хорошие рестораны и, конечно, люблю воспитанных и успешных мужчин. Я подарю свою нежность и ласку.','5318e71d-8642-11ee-84d2-005056c00001'),(226,'Анна','89891211377','svx',0,0,221,'','5318e80f-8642-11ee-84d2-005056c00001'),(227,'Татьяна','89563456121','svx',4.1,1,222,'Воспитанная, милая девочка с нежнейшей кожей и с большой сексуальной энергетикой. Учусь в университете на экономиста и пишу картины.','5318e903-8642-11ee-84d2-005056c00001'),(228,'Оксана','89789965432','svx',3.9,1,223,'Юнная красотка, встретится с порядочным мужчиной. С мат. поддержкой!','5318e9f7-8642-11ee-84d2-005056c00001'),(229,'Анжела ','89211234456','svx',3.4,1,224,'Милая, ухоженная с идеальной фигурой. Люблю доставлять истинное наслаждение мужчинам.','5318eaec-8642-11ee-84d2-005056c00001'),(230,'Кристина ','89192314456','svx',3.8,1,225,'Модель, участвую в различных фото и видео съемках. Люблю знакомиться и красиво отдыхать с успешными мужчинами, я подарю тебе свою ласку и заботу.','5318ebe0-8642-11ee-84d2-005056c00001'),(231,'Виолета','89243456677','svx',3.9,1,226,'Люблю путешествовать, хорошие рестораны и, конечно, люблю воспитанных и успешных мужчин. Я подарю свою нежность и ласку.','5318ed02-8642-11ee-84d2-005056c00001'),(232,'Ева','89782324566','svx',3.2,1,227,'Люблю и зная как доставить удовольствие мужчине!','5318edf5-8642-11ee-84d2-005056c00001'),(233,'Лиза','89530007766','svx',4.5,1,228,'Элитная эскортница сотрудницаю с различными агентствами в Европе и ОАЭ ','5318eee7-8642-11ee-84d2-005056c00001'),(234,'Юля','89249893212','svx',2.1,1,229,'Весёла позитивная имею высшее образование, работаю в сфере торговли и занимаюсь эскортом','5318eff7-8642-11ee-84d2-005056c00001'),(235,'Катя','89543112121','svx',2.8,1,230,'Слежу за собой стараюсь хорошо выглядеть имею отличные манеры знаю как вести себя на деловых встречах и достовлять удовольствие в постели','5318f0e6-8642-11ee-84d2-005056c00001'),(236,'Лена','89179892112','svx',0,0,231,'','5318f1dd-8642-11ee-84d2-005056c00001'),(237,'Ангелина ','89249782896','svx',0,0,232,'','5318f2cb-8642-11ee-84d2-005056c00001'),(238,'Настя','89213412344','kzn',4.2,1,233,'Девочка огонь, просто созданна чтобы доставлять удовольствие!','5318f3ba-8642-11ee-84d2-005056c00001'),(239,'Анжела','89711234456','kzn',3.2,1,234,'Танцую стрип и гого, знаю как завести тебя с пол оборота, пиши всё обсудим. Всегда готова к новым приключениям!','5318f4be-8642-11ee-84d2-005056c00001'),(240,'Катя','89546778978','kzn',0,0,235,'','5318f5b5-8642-11ee-84d2-005056c00001'),(241,'Миледи','89213476688','kzn',4.4,1,236,'Я действующая модель плюс сайз, участвую в различных показах имею очень яркую неформальную внешность, я бисексуалка поэтому девочки если кто хочет раслабится пишите тоже!','5318f6a3-8642-11ee-84d2-005056c00001'),(242,'Милена','89726653471','kzn',3.9,1,237,'Яркая бисексуалка предлагаю свои услуги в эскорте!','5318f7cc-8642-11ee-84d2-005056c00001'),(243,'Елена','89279882344','kzn',0,0,238,'','5318fd17-8642-11ee-84d2-005056c00001'),(244,'Инга','89245665778','kzn',4.9,1,239,'С детства занимаюсь спортом веду здоровый образ жизни, учусь на психолога. Если я близка тебе по духу пиши, встречи только тет-а-тет, не люблю шумные компании и тусовки','5318fe0f-8642-11ee-84d2-005056c00001'),(245,'Маргорита','89789664534','kzn',4.8,1,240,'Модель, участвую в различных фото и видео съемках. Люблю знакомиться и красиво отдыхать с успешными мужчинами, я подарю тебе свою ласку и заботу.','5318fef9-8642-11ee-84d2-005056c00001'),(246,'Вика','898977123145','kzn',3.3,1,241,'Я обожаю вечерние романтические вечера, ужины при свечах и классическую музыку. Познакомлюсь с мужчиной для приятного времяпровождения.','5318ffed-8642-11ee-84d2-005056c00001'),(247,'Женя','89881243321','kzn',0,0,242,'','531900f8-8642-11ee-84d2-005056c00001'),(248,'Лена','89243556677','kzn',0,0,243,'','531901ea-8642-11ee-84d2-005056c00001'),(249,'Яна','89787712341','kzn',0,0,244,'','531902fa-8642-11ee-84d2-005056c00001'),(250,'Мария','89563412278','kzn',3.2,1,245,'Привет, меня зовут Мария. Я элитная эскортница в Дубае. Я очень внимательная, открытая и общительная. Люблю путешествовать и встречать новых людей. Я говорю на английском, русском и арабском языках. Я очень хорошо выгляжу, имею стройную фигуру и красивые волосы. Я очень люблю свою работу и уверена, что вам понравится со мной проводить время. Я обещаю вам незабываемый опыт.','531903ec-8642-11ee-84d2-005056c00001'),(251,'Вика','89567879090','kzn',0,0,246,'','531904e5-8642-11ee-84d2-005056c00001'),(252,'Милена','89712345566','ufa',3.3,1,247,'Уфа масаж.','531905da-8642-11ee-84d2-005056c00001'),(253,'Алина','89667712346','ufa',0,0,248,'','531906cd-8642-11ee-84d2-005056c00001'),(254,'Марина','89213747556','ufa',0,0,249,'','531907e8-8642-11ee-84d2-005056c00001'),(255,'Карина','89787765432','ufa',2.1,1,250,'Инди Уфа! Расмотрю переезд в другой регион.','53197881-8642-11ee-84d2-005056c00001'),(256,'Рита','89657712346','ufa',4.8,1,251,'Юная красотка с кукольной внешностью и аппетитными формами, с удовольствием проведу время в компании воспитанного мужчины за мат. поддержку. Очень искусна и развратна в сексе, живу в Уфе пиши всё обсудим, рассмотрю переезд в другой регион РФ ','53197ea0-8642-11ee-84d2-005056c00001'),(257,'Катя','89787762433','ufa',2.8,1,252,'Встречаюсь за мат. поддержку','53198560-8642-11ee-84d2-005056c00001'),(258,'Лина','89247789711','ufa',4.5,1,253,'Очень естественная вся натуральная, действующая фотомодель сотрудничаю с известными брэндами и всегда в поисках новых интересных знакомств. С удовольствием проведу время в компании обеспеченного мужчины','53198b6a-8642-11ee-84d2-005056c00001'),(259,'Кристина','89245567122','ufa',4.8,1,254,'Эскорт Дубай, Москваб, Екб! Всегда на связи, пишите!','53198e4d-8642-11ee-84d2-005056c00001'),(260,'Вика','89887872434','goj',5,1,255,'Фотомодель, с идеальной фигурой и очень яркой внешность. Очень развратна и ненасытна в постели, нравится пробовать что-то новенькое в сексе. Жду Ваших предложений господа!','531990b2-8642-11ee-84d2-005056c00001'),(261,'Лена','89298784545','goj',4.7,1,256,'Красивая, естественная, натуральная! Ищу богатого спонсора для постоянных встреч, рассмотрю любой регион РФ. Также работаю по Краснодару и Сочи','531994ec-8642-11ee-84d2-005056c00001'),(262,'Мария','89567712454','goj',5,1,257,'Высшее образование (тележурналист), также обучалась по специальности «Реклама и PR» и товароведение. Имею много профессиональных достижений. Я девушка с обложки Playboy Россия № 11 за 2020 год. В 2019 году обложки и интервью со мной публиковали такие известные журналы, как «Женское здоровье», «Silver», «Модный дом». Вошла в «Топ-40 самых красивых девушек» по версии журнала «Модный дом» 2018 года. Вице-мисс Рунета - 2018. Свою карьеру на телевидении я начала с работы корреспондентом, а затем вела телепрограмму о красоте на московском телеканале. Работала заместителем управляющего фитнес-клуба, а по сути — управляющей в течение полутора лет. Ныне я независимый эксперт в области красоты, бьютиблогер. Частая гостья телепрограмм в качестве эксперта. Являюсь лицом корейской клиники, также сотрудничаю с клиниками Израиля. Люблю готовить, не курю, выпиваю по праздникам. Добрая, заботливая, воспитанная и уравновешенная. Есть шенген, допускаю переезд. Ищу постоянные отношения, в перспективе замужество, с успешным и заботливым мужчиной.','531997d3-8642-11ee-84d2-005056c00001'),(263,'Камила','89678892131','goj',1.5,1,258,'Инди Уфа. Милый я вся горю пиши мне скорее!','53199d1e-8642-11ee-84d2-005056c00001'),(264,'Юля','89245567898','goj',3.7,1,259,'Очень апетитная девушка для любителей пышных форм!','5319a039-8642-11ee-84d2-005056c00001'),(265,'Милена','89111134556','goj',0,0,260,'','5319a1ef-8642-11ee-84d2-005056c00001'),(266,'Нина','89111134523','goj',3.7,1,261,'Милая и очень соблазнительная девушка приглашает тебя в гости с одной лишь целью, насладиться друг другом. Я очень люблю заниматься сексом, особенно когда рядом со мною будешь ты. Не сомневайся, я сделаю все для того, чтобы ты получил наслаждение и максим','5319a362-8642-11ee-84d2-005056c00001'),(267,'Лолита','89532213451','goj',2.7,1,262,'? С моим нежным прикосновением и страстным взглядом, я обрисую для тебя удивительное пространство, где каждая деталь наполнена тобой и нашей неиссякаемой страстью. Просто ? позвони мне, я буду тебя ждать. ??✨ В этом мире наше ? влечение будет ярче ка','5319a8bd-8642-11ee-84d2-005056c00001'),(268,'Света','89712234556','goj',2.2,1,263,'Сладкая кошечка ждет твоего звонка...','5319aad3-8642-11ee-84d2-005056c00001'),(269,'Марина','89677782121','goj',3.2,1,264,'Увлекаюсь психологией и очень люблю подарки. Дарю свою женскую энергетику и мотивирую мужчин на подвиги.','5319ad01-8642-11ee-84d2-005056c00001'),(270,'Полина ','89783342172','goj',0,0,265,'','5319b059-8642-11ee-84d2-005056c00001'),(271,'Ирина','89243321787','goj',3.9,1,266,'Знакомлюсь с успешными мужчинами. Океан нежности, душевные разговоры создадут приятную атмосферу нашему отдыху.','5319b27b-8642-11ee-84d2-005056c00001'),(272,'Рита','89782233122','goj',0,0,267,'','5319b468-8642-11ee-84d2-005056c00001'),(273,'Линда','89567789971','goj',0,0,268,'','5319b652-8642-11ee-84d2-005056c00001'),(274,'Вера','89786654321','goj',0,0,269,'','5319b82d-8642-11ee-84d2-005056c00001'),(275,'Инга','89234562211','rov',4.8,1,270,'Я очень миниатюрная и очень нежная и женственная брюнетка, в тоже время очень раскрепощённая и люблю пробовать всё новое. Когда пишите говорите конкретно, что Вам нужно и из кокого Вы города!','5319bbe1-8642-11ee-84d2-005056c00001'),(276,'Ангелина','89786652423','rov',3.8,1,271,' Родом из Киева, сейчас живу в Праге, часто бываю в Москве. Вид на жительство в ЕС. Учусь в частном ВУЗе на маркетолога на английском языке. Работаю хостес в ресторане. 8 лет занмалась большим теннисом, хорошо рисую, люблю путешествовать, донор. Умею и люблю готовить, предпочитаю итальянскую кухню, не курю, могу выпить за компанию. Свободно владею русским, украинским, чешским и английским языками, изучаю испанский. Ищу любви, как не банально, стабильности и опоры. Допускаю переезд.','5319be06-8642-11ee-84d2-005056c00001'),(277,'Полина','89278892134','rov',3.6,1,272,'одилась и живу в городе Ступино, Московская обл. Закончила РГСУ (экономист). Три года работала по специальности, сейчас работаю стюардессой. С 13 лет занимаюсь волейболом, есть разряд. Люблю вело и пешие прогулки. А также из увлечений: кулинария, путешествия, садоводство, книги, йога. Участница конкурсов красоты: «Мисс Москва События», «Мисс Россиянка», «Мисс Русское радио». Намерения исключительно серьезные.','5319bf94-8642-11ee-84d2-005056c00001'),(278,'Светлана','89249987126','rov',5,1,273,' высшее образование ВОЛГУ, работаю в сфере красоты (наращивание волос).','5319c161-8642-11ee-84d2-005056c00001'),(279,'Лариса','89657712344','rov',3.4,1,274,'Милая, нежная и общительная девушка. Эстетическое удовольствие, незабываемые ощущения и прилив новых сил гарантирую! Самые шикарные бёдра, сексуальная и привлекательная! С прекрасным удовольствием жду вас!','5319c2c5-8642-11ee-84d2-005056c00001'),(280,'Диана','89882312244','rov',2.8,1,275,'сладкая кошечка ждет твоего звоночка....','5319c410-8642-11ee-84d2-005056c00001'),(281,'Вика','89197782456','rov',0,0,276,'','5319c562-8642-11ee-84d2-005056c00001'),(282,'Анжела ','89534452133','rov',4.9,1,277,'Зеленые глаза, русые волосы. Студентка НИТУ МИСиС. Работаю моделью с 14 лет. Победительница многих конкурсов красоты: Top Model 2020, 1-я вице Мисс Россиянка 2019, Мисс натуральность 2019, 2-я вице мисс Всероссийская Императрица 2019, 2-я вице мисс Queen 2019, Indiva Fashion Moscow, Miss International 2019, Miss Fitnes 2019. Снималась в клипах, в сериале с Гошей Куценко, напечатали в журнале Anturag. Сдала ГТО на золото, занимаюсь фитнесом. Раньше занималась танцами, верховой ездой, бильярдом, скалалазаньем. Закончила музыкальную школу по трем специальностям (фортепиано, флейта, орган), пою. Блогер, вела канал на youtube, сейчас веду инстаграм, занимаюсь обработкой фотографий. Умею вкусно готовить. К курению отношусь крайне негативно, очень редко могу позволить себе выпить. Есть загранпаспорт, немного владею английским и немецким языками, планирую получить права, в будущем допускаю переезд.','5319c6c6-8642-11ee-84d2-005056c00001'),(283,'Саша','89297712431','rov',0,0,278,'','5319c84a-8642-11ee-84d2-005056c00001'),(284,'Жасмин','89543322145','rov',0,0,279,'','5319c9a5-8642-11ee-84d2-005056c00001'),(285,'Линда ','89889721244','rov',0,0,280,'','5319cb94-8642-11ee-84d2-005056c00001'),(286,'Кристина','89248897123','rov',4.5,1,281,'Инди Москва. Я сделаю нашу встречу незабываемой. У меня красивая грудь, я оооочень люблю делать долгий, сочный минет. У меня совершенно нет комплексов и каких-либо табу, только шепни мне о своих желаниях и я исполню всё твои самые сокровенные фантазии) Жду звоночков)','5319ce39-8642-11ee-84d2-005056c00001'),(287,'Милена','897899999971','rov',4.1,1,282,'Я страстная и сексуальная девушка, готовая погрузиться с тобой в мир наслаждения и эротических фантазий. Со мной каждая минута будет наполнена страстью и удовольствием, я готова исполнить твои самые смелые желания.','5319cf9f-8642-11ee-84d2-005056c00001'),(288,'Ирина','89278897122','rov',3.6,1,283,'Строгая госпожа или ласковая кошочка, могу подстроится под лубого мужчину. Пиши всё обсудим! ','5319d0c5-8642-11ee-84d2-005056c00001'),(289,'Олеся','89213456677','rov',4.9,1,284,'Действующая фотомодель, очень спортивная девушка с идеальной фигурой и высшим образование, будет идеальным дополнением успешного мужчины','5319d1bf-8642-11ee-84d2-005056c00001'),(290,'Инга','89289712345','krr',4.9,1,285,'Сладкая, сексуально-романтичная молодая леди! Наполню тебя чувствами и энергией, подарю незабываемый отдых и оставлю незабываемое приятное впечатление!','5319d2b4-8642-11ee-84d2-005056c00001'),(291,'Кристина ','89881213371','krr',4.8,1,286,'Миниатюрная брюнетка, я просто создана воплощать ваши мечты. Очень нежная и общительная, всегда в хорошем настроении и с лёгкостью могу поднять его Вам. Пиши рассмотрю переезд в любой регион РФ!','5319d3a8-8642-11ee-84d2-005056c00001'),(292,'Катя','89679878897','krr',4.9,1,287,'Длинноногая брюнетка, с отличной фигурой и очень нежной кожей. Отлично танцую стриптиз и с удовольствием перевоплощаюсь в различные образы. На встречах всегда на высоких каблуках и в очень дорогом сексуальном белье. Нравится видеть когда мужчины восхищаются мной, и получать дорогие подарки!','5319d4ab-8642-11ee-84d2-005056c00001'),(293,'Света ','89288983122','krr',3.2,1,288,'Со мной ты забудешь обо всех своих проблемах, мои пальчики и горячий язычок приведут тебя в экстаз и восторг, поверь ты ещё долго будешь вспоминать наши проказы. Приглашаю к себе или с радостью приеду к тебе.','5319d5c6-8642-11ee-84d2-005056c00001'),(294,'Олеся','89389978871','krr',4.3,1,289,'Игривая и сладострастная! Умелая и хорошо чувствую мужчину, знойный темперамент, чуткая, нежная, люблю играть, флиртовать с мужчиной, дразнить и изводить его всячески доводя до пика эмоций.','5319d6bd-8642-11ee-84d2-005056c00001'),(295,'Женя','89678891231','krr',5,1,290,'Гражданка Украины, живу в Грузии, работаю в сфере красоты. Высшее образование (тележурналист, диктор и ведущий телепрограмм). Жила в Китае 3 года, работала моделью, занималась профессионально танцами, играла в театре. Занимаюсь спортом, веду здоровый образ жизни, не пью и не курю. Умею готовить. Владею русским, английским и китайским языками. Познакомлюсь с состоятельным мужчиной для отношений с содержанием, допускаю переезд.','5319d7af-8642-11ee-84d2-005056c00001'),(296,'Карина','89689972133','krr',5,1,291,'Блондинка с серо-голубыми глазами (натуральный цвет волос светло-русый). Родом из Мурманска, жила в Италии (был вид на жительство), сейчас живу в Сестрорецке (пригород СПБ). Высшее образование (преподаватель английского языка), владею также итальянским языком. Дополнительное профессиональное: фитнес-тренер международного класса и нутрициолог. Работаю тренером по фитнесу и нутрициологом. Участвую в соревнованиях по бодибилдингу и фитнесу, категория - фитнес-бикини, 5 место по Санкт-Петербургу (апрель 2022 года). Работала моделью в возрасте 19-20 лет. В свободное время занимаюсь йогой и люблю читать, увлекаюсь эзотерикой. Готовить умею, отдаю предпочтение ПП блюдам, но для мужчины могу приготовить все, что угодно, в том числе - итальянскую кухню (освоила во время проживания там). Не пью и не курю. Не вижу ничего страшного в бокале вина с любимым, за ужином. Разведена, сыну 5 лет (живет со мной). Вожу автомобиль, допускаю переезд в другие страны (Турция, Европа, ОАЭ), есть действующий шенген. Ищу постоянные, длительные отношения с порядочным и щедрым мужчиной старше 45 лет. Нужна стабильность: финансовая и сексуальная.','5319d8a6-8642-11ee-84d2-005056c00001'),(297,'Ольга','89387712425','krr',2.1,1,292,'Привет, мой сладкий! Я красивая, горячая девушка и у меня достаточно хороший сервис, чтобы вы могли расслабиться и повеселиться.','5319dcae-8642-11ee-84d2-005056c00001'),(298,'Анжела','89882123456','krr',5,1,293,'Родом из Перми. Модель, участница многих конкурсов красоты. Представляет Россию на конкурсе красоты Miss Cappadocia - 2022. Работаю в рекламном агентстве. Так же предоставляю эскорт услуги в России и Европе!','5319ddb6-8642-11ee-84d2-005056c00001'),(299,'Полина ','89881245465','krr',5,1,294,'Действующая модель, участвую в различных проектах. Путешествую. Встречаюсь и знакомлюсь в своё удовольствие.','5319deab-8642-11ee-84d2-005056c00001'),(300,'Кристина ','89287792432','krr',4.6,1,295,'Предоставляю эскорт услуги, Дубаи и Москва. ','5319dfa3-8642-11ee-84d2-005056c00001'),(301,'Инга','89673342134','krr',5,1,296,'Кукольная внешность для любителей пышных форм, предоставляю эскорт услуги во всех крупных городах России','5319e20c-8642-11ee-84d2-005056c00001'),(302,'Ирина','89187712456','krr',0,0,297,'','5319e328-8642-11ee-84d2-005056c00001'),(303,'София','89881213456','krr',3.2,1,298,'Строгая госпожа, бдсм доминация!','5319e460-8642-11ee-84d2-005056c00001'),(304,'Даша','89287712344','krr',4.8,1,299,'Роскошная леди составит компанию на вечер обеспеченному госпадину. Эскорт услуги  Краснодар, Сочи, Ростов','5319e556-8642-11ee-84d2-005056c00001'),(305,'Вика','89782311244','aer',2.9,1,300,'Яркая, сексуальная, очаровательная c утонченными формами и ухоженным телом приятно удивит интеллигентного джентльмена. Буду рада новым знакомствам. Нежная девочка с бархатистой кожей и умелыми ручками.','5319e650-8642-11ee-84d2-005056c00001'),(306,'Линда','89289917899','aer',3.3,1,301,'Я очень милая девушка с длинными ножками и сочными дырочками, которая ни в коем случае не откажет тебе в сексе и будет готова к тому, чтобы тебя удовлетворять и ласкать до тех пор, пока ты не получишь долгожданное Можешь быть уверен, моей страсти и ласки','5319e749-8642-11ee-84d2-005056c00001'),(307,'Лена','89782311656','aer',3.7,1,302,'Не оставлю без внимания ни одну частичку твоего тела... Для тебя я буду ласковой и раскованной или робкой, послушной или капризной, все для тебя! Звони, малыш, ты точно не пожалеешь о встрече со мной!','5319e83f-8642-11ee-84d2-005056c00001'),(308,'Аня','89653345676','aer',0,0,303,'','5319e934-8642-11ee-84d2-005056c00001'),(309,'Регина','89887762134','aer',2.5,1,304,'Привет, мой сладкий! Я красивая, горячая девушка и у меня достаточно хороший сервис, чтобы вы могли расслабиться и повеселиться.','5319ea48-8642-11ee-84d2-005056c00001'),(310,'Фаина','89782315556','aer',4.7,1,305,'Тёмнокожая мулатка, учусь в Краснодаре с радостью составлю компанию порядочному мужчине, срадостью доставлю Вам массу удовольствия в постели!','5319eb3d-8642-11ee-84d2-005056c00001'),(311,'Лина','89881213456','aer',4.4,1,306,'ффектная и сексуальная красотка с лёгкостью завладеет твоим вниманием и будет принадлежать лишь тебе. Со мной всегда приятно провести время и ты захочешь приехать ко мне вновь! Звони...','5319ec2f-8642-11ee-84d2-005056c00001'),(312,'Таня','89673312341','aer',3.4,1,307,'Страстная и раскованная ИНДИ! Жду Вас в гости Дорогие мужчины!!! Встречаю только с хорошим настроением и желанием нежности и ласки!!! Со мной ты найдешь источник наслаждения и приятного отдыха. Давай воплотим твои самые сокровенные фантазии в реальность!','5319ed23-8642-11ee-84d2-005056c00001'),(313,'Кристина','89281712343','aer',0,0,308,'','5319ee18-8642-11ee-84d2-005056c00001'),(314,'Лера','89882411266','aer',0,0,309,'','5319ef0f-8642-11ee-84d2-005056c00001'),(315,'Рита','891899777721','aer',0,0,310,'','5319f008-8642-11ee-84d2-005056c00001'),(316,'Даша','89567782346','aer',0,0,311,'','5319f21a-8642-11ee-84d2-005056c00001'),(317,'Яна','89882314567','aer',3.2,1,312,'Элегантная, милая девушка. У меня есть внешняя и внутренняя красота. Я девушка, с которой можно выйти в светское общество и вы получите кайф от того, какая с вами леди. ВИП мероприятия, вечеринки, ужин в ресторане. Пишите в агенство, менеджер все организует.','5319f31b-8642-11ee-84d2-005056c00001'),(318,'Света','89884546789','aer',3.9,1,313,'Страстная леди, для самых искушённых мужчин!','5319f40f-8642-11ee-84d2-005056c00001'),(319,'Рита','89387796756','aer',5,1,314,'Меня зовут Рита. Я очаровательная, элитная эскортница, которая будет рада встретить вас в Дубае. Я обладаю отличной фигурой и выразительными чертами лица, а также умею танцевать и подавать себя на все 100%. Если вы хотите заказать меня в качестве сопровождающего на ваш праздник или мероприятие,просто напиши. Я уверена, что вам понравится время, которое проведём вместе!','5319f50a-8642-11ee-84d2-005056c00001'),(321,'Марго','89297782131','gdz',4.1,1,315,'Ищешь сегодня с кем отдохнуть?) Тогда ты на правильной анкете ♥ Я страстная малышка, приеду к тебе в гости и помимо приятного секса, ублажу тебя своим ротик и эротическим массажиком. Позвони мне!','5319f5fd-8642-11ee-84d2-005056c00001'),(322,'Даша','89289978979','gdz',5,1,316,'Опытная девушка, знающая толк в ублажении мужчин. У меня много интересов, люблю спорт, особенно теннис, открыта к новым интересным знакомствам. Имею высшее образование и отличное чувство юмора, владею английским языком, поэтому стану интересной и веселой собеседницей. Больше всего нравится путешествовать, посещать рестораны местной кухни, отдыхать в отелях. Я Vip эскортница с хорошим вкусом, красивым телом, безупречными манерами. Могу сопровождать вас во время деловых поездок, на отдыхе, стать парой на частных вечеринках, прогулках на яхтах.','5319f710-8642-11ee-84d2-005056c00001'),(323,'Зара','89881654544','gdz',0,0,317,'','5319f804-8642-11ee-84d2-005056c00001'),(324,'Настенька','89881852585','mow',4.8,1,318,'Зелено-карие глаза, светло-русые волосы (сейчас блондинка). Среднее профессиональное образование. Профессиональная артистка балета, фотомодель. Всю жизнь занимаюсь спортом (гимнастика, танцы, аэробика). В свободное время хожу по кастингам, конкурсам, мероприятиям, очень люблю готовить что-то необычное, и люблю вкусно покушать. Не курю, алкоголь в меру. Изучаю английский. Ищу целеустремлённого, доброго, любящего, состоятельного мужчину спортивного телосложения, не гулящего.','5319f910-8642-11ee-84d2-005056c00001'),(325,'Полина','89679033749','gdz',0,0,319,'','5319fa21-8642-11ee-84d2-005056c00001'),(326,'Соня','89282314556','gdz',3.8,1,320,'Я отлично владею своим язычком и готова продемонстрировать это тебе. Я очень люблю страстный секс и горячих мужчин. Звони я уже мокрая.','5319fb2a-8642-11ee-84d2-005056c00001'),(327,'Инна','89881234565','0',0,0,321,'','5319fc20-8642-11ee-84d2-005056c00001'),(328,'Кристи','89187712456','0',0,0,322,'','5319fd1c-8642-11ee-84d2-005056c00001'),(329,'Диана','89389773456','gdz',4.3,1,323,'У меня есть множество фантазий, которые я бы хотела воплотить вместе с тобой. Мое тело является идеальным подарком, а я - привлекательный и увлекательный спутник, готовый превратить твои мечты в реальность.','5319fe12-8642-11ee-84d2-005056c00001'),(330,'Василиса','89883432145','gdz',5,1,324,'Изысканная элитная девушка эскорт с безупречными манерами, хорошим вкусом, высшим образованием станет украшением мужчины на любом светском торжестве. Предпочитают посещать частные вечеринки, дорогие рестораны, прогулки на яхтах отдыхать в пятизвездочных отелях. Роскошная девушка из высшего общества умеет поддержать интеллектуальную беседу, а также подарить наслаждение в интимной обстановке. Отдых с блистательной блондинкой с идеальной фигурой принесет вам массу удовольствия.','5319ff09-8642-11ee-84d2-005056c00001'),(331,'Елена','89883415676','gdz',0,0,325,'','5319fffe-8642-11ee-84d2-005056c00001'),(333,'Лера','89282311746','gdz',0,0,326,'','531a0114-8642-11ee-84d2-005056c00001'),(335,'Анжелика','89887764565','gdz',4.6,1,327,'Женственная и ласковая, общительная и гостеприимная, страстная и эмоциональная.??? На встречах я всегда красивая, ухоженная, полна жизненной и сексуальной энергии.','531a020b-8642-11ee-84d2-005056c00001'),(336,'Жанна','89578897898','gdz',3.9,1,328,'Если ты хочешь насладиться девушкой азиатской внешности ТОП-уровня не только на красивой картинке, но и в реальности – тебе точно ко мне. GFE – 100%! Лучшая для избранных! Я красива, как ангел, и сексуальна, как дьявол! Ухоженная до кончиков пальцев,..','531a0301-8642-11ee-84d2-005056c00001'),(337,'Лидия','89289712344','gdz',1.2,1,329,'Звони, хочу развлечься!','531a03f2-8642-11ee-84d2-005056c00001'),(339,'Лиза','89267789878','stw',4.8,1,330,'Работа: консьерж-агентство. Окончила педагогический колледж (учитель английского), университет физкультуры - менеджер в спорте. Владею английским, изучаю испанский, есть права. Визы шенген и Новая Зеландия. Хобби: тренаж зал, сквош, теннис, лыжи, путешествия. Интересуют знакомства для серьезных отношений, готова к перееду и рождению детей.','531a04ea-8642-11ee-84d2-005056c00001'),(340,'Полина ','89198875646','stw',4.7,1,331,'Если ты хочешь испытать весь спектр наслаждений, окунуться в океан, страсти и раскрепощенности, попробовать всё свои тайные желания и фантазии то я жду твоего звоночка! Со мной ты попробуешь всё и даже больше!','531a05dc-8642-11ee-84d2-005056c00001'),(341,'Карина','89297782131','stw',3,1,332,'Привет мой хороший! Я нежная девочка, умею доставить незабываемое удовольствие, люблю дарить наслаждение и получать его сама. Очень чувствительна в постели! Ты сможешь почувствовать себя самым счастливым и удовлетворенным мужчиной. Жду звонков!','531a06ce-8642-11ee-84d2-005056c00001'),(342,'Вера','89563214564','stw',3.8,1,333,'Модель, актриса. Высшее образование, владею английским и французским языками. В настоящее время работаю менеджером по персоналу. Красный диплом ветеринарного врача, содержку кошачий приют, дома три кошки. Целеустремленная, верная, заботливая. Занимаюсь конным спортом, катаюсь на велосипеде, роликах, коньках.','531a088e-8642-11ee-84d2-005056c00001'),(343,'Ника','89530003366','kgd',3.6,1,334,'Обожаю доставлять мужчинам нереальный кайф! Заряжаю энергией, отдаюсь вся без остатка. С удовольствием познакомлюсь и встречусь с интересными мужчинами) в интиме могу многое, только обсудить нужно заранее, что вы хотите) ','531a09d6-8642-11ee-84d2-005056c00001'),(344,'Яна','89678893142','gdz',3.5,1,335,'Я любвеобильная и чистоплотная в повседневной жизни девушка с шикарной задницей. Очень люблю секс, многое умею, буду ласковой с тобой в постели до последней твоей капли.','531a0ad4-8642-11ee-84d2-005056c00001'),(346,'Фаина','89091213456','stw',4.1,1,336,'Милая темнокожая красотка, составит компанию обеспеченному господину на вечер!','531a0bef-8642-11ee-84d2-005056c00001'),(347,'Тори','89196762134','stw',4.2,1,337,'Настоящий бриллиант, находка для эстетов, утонченная, ухоженная, стильная, знающая толк в идеальных отношениях без обязательств. Мне есть, чем поделиться. Каждая встреча неповторима! Все допы обсуждаю при встрече. Есть мини бар. Выезд только по Москве','531a0cec-8642-11ee-84d2-005056c00001'),(348,'Наргиза ','89684469663','mow',0,0,338,'','531a0de2-8642-11ee-84d2-005056c00001'),(349,'Катя','89092145678','stw',0,0,339,'','531a12ee-8642-11ee-84d2-005056c00001'),(350,'Лена','89197873213','stw',4.3,1,340,'Русская девушка эскорт, с тонкой талией и пышными округлостями, предлагает свои услуги уверенным в себе мужчинам, которые жаждут страстного общения. Вы проведете время безусловно в приятном обществе, так как я девушка образованная, могу красиво одеваться и обладаю мягким характером.','531a13e7-8642-11ee-84d2-005056c00001'),(351,'Анна','89389978456','stw',5,1,341,'Миниатюрная красотка с милым личиком и очень нежным характером познакомится с воспитанным мужчиной, ищу постоянные отношения с мат. поддержкой','531a14df-8642-11ee-84d2-005056c00001'),(352,'Линда','89375678897','stw',3.6,1,342,'Привет, мой сладкий! Я красивая, горячая девушка и у меня достаточно хороший сервис, чтобы вы могли расслабиться и повеселиться.','531a160a-8642-11ee-84d2-005056c00001'),(353,'Диана','89675437441','stw',4.1,1,343,'Воспитанная, милая девочка с нежнейшей кожей и с большой сексуальной энергетикой. Учусь в университете на экономиста и пишу картины.','531a1707-8642-11ee-84d2-005056c00001'),(354,'Марина','89183214556','stw',5,1,344,'Профессиональная эскортница, vip девочка, всегда на высоте и могу создать вокруг себя отличную обстановку. Люблю кожу и латекс, и очень развратна в постели!','531a17fe-8642-11ee-84d2-005056c00001'),(355,'Виолета','89174546676','stw',3.9,1,345,'Я обожаю вечерние романтические вечера, ужины при свечах и классическую музыку. Познакомлюсь с мужчиной для приятного времяпровождения.','531a18f2-8642-11ee-84d2-005056c00001'),(356,'Катя','89887875665','stw',3.2,1,346,'Нимфоманка и развратница, с радостью отдамся в хорошие руки!','531a19f3-8642-11ee-84d2-005056c00001'),(358,'Марго','89182142518','stw',1.7,1,347,'Сексуальная и ласковая кошечка, обаятельная и привлекательная, я удовлетворю любую твою просьбу. Приеду или приглашу в гости воспитанного мужчину для незабываемого отдыха!','531a1ae4-8642-11ee-84d2-005056c00001'),(359,'Милена','+79289975644','ptg',0,0,348,'','531a1bd6-8642-11ee-84d2-005056c00001'),(363,'Диана','89675567887','ptg',3.9,1,349,'Люблю роскош и дорогие падарки, пиши расмотрю все варианты!','531a1ccb-8642-11ee-84d2-005056c00001'),(364,'Лика','89851234565','ptg',3.4,1,350,'Игривая и сладострастная! Умелая и хорошо чувствую мужчину, знойный темперамент, чуткая, нежная, люблю играть, флиртовать с мужчиной, дразнить и изводить его всячески доводя до пика эмоций.','531a1dc0-8642-11ee-84d2-005056c00001'),(365,'Анфиса','89192311747','ptg',3.2,1,351,'Я очень милая и нежная, учусь в университете. Хочу дарить свою любовь успешному мужчине.','531a1eb3-8642-11ee-84d2-005056c00001'),(366,'Алина ','+79017958766','mow',2.2,1,352,'Стройная, очень ухоженная и эффектная красавица, откроет двери в мир, где исполняются даже самые грязные фантазии. Я тщательно слежу за собой, чтобы всегда восхищать и удивлять своих гостей.','531a1fd9-8642-11ee-84d2-005056c00001'),(367,'Сара','89192314565','ptg',0,0,353,'','531a20d4-8642-11ee-84d2-005056c00001'),(368,'Мария','89192314578','ptg',3.9,1,354,'Люблю романтический отдых, создам приятную, любовную атмосферу, чтобы ты расслабился и получил настоящее удовольствие со мной.','531a21c6-8642-11ee-84d2-005056c00001'),(370,'Кристина','89292314566','ptg',4.7,1,355,'Я та самая девочка с обложки playboy, предостовляю эскорт услуги во всех крупных городах РФ. Договариваюсь лично, на встречах в дорогом белье и высоких каблуках, есть много различных нарядов. Пиши всё обсудим!','531a22b6-8642-11ee-84d2-005056c00001'),(371,'Лилия','89652311747','ptg',0,0,356,'','531a23a9-8642-11ee-84d2-005056c00001'),(372,'Марина','89162341745','ksk',0,0,357,'','531a2515-8642-11ee-84d2-005056c00001'),(373,'Ира','89299811746','ptg',5,1,358,'Привет, я юная эскортица, работаю в Дубай и Москве также бываю во многих городах РФ. Если хочешь встречи со мной, то я всегда рада провести время в компании обеспеченного мужчины, готова воплотить самые смелые Ваши фантазии. Пиши со мной легко договориться, я очень милая и общительная!','531a2669-8642-11ee-84d2-005056c00001'),(374,'Тамара','89245567128','ptg',3.1,1,359,'Хочешь сочную попку или сладкие губки? Все это у меня! Специально для тех, кто любит себя и готов баловать изысканным отдыхом. Я стану твоей новой сексуальной фантазией! Моя гибкость, влажность и инициативность будут приводить тебя в восторг каждую секунд','531a27c9-8642-11ee-84d2-005056c00001'),(375,'Линда','89192314567','ptg',5,1,360,'Высшее образование, свободно владею английским, умею водить авто и мотоцикл. Мастер спорта по художественной гимнастике,сейчас профессионально танцую все виды танцев, делаю свой контент по растяжке, шпагату, хочу открыть свой студию воздушной гимнастки. Участвовала в конкурсах красоты, но не стала заниматься профессионально модельной деятельностью. Бегаю в лесу, прыгаю на лошадях, люблю готовить, вредных привычек нет. Ищу свою близкую душу, опору, плечо.','531a2920-8642-11ee-84d2-005056c00001'),(376,'Лена','89892314567','ptg',0,0,361,'','531a2a74-8642-11ee-84d2-005056c00001'),(377,'Вера','89789983121','vog',0,0,362,'','531a2bf0-8642-11ee-84d2-005056c00001'),(378,'Соня','89872311766','ptg',0,0,363,'','531a2d5e-8642-11ee-84d2-005056c00001'),(379,'Ольга','89872231445','ptg',3.2,1,364,'увственная, темпераментная красотка с восхитительными формами будет очень рада нашей встрече. Свидание со мной не оставит Вас равнодушным. Ласковый массаж поможет расслабиться, оральные ласки принесут бескрайнее удовольствие!','531a3092-8642-11ee-84d2-005056c00001'),(380,'Карина','89299987161','ptg',3.1,1,365,'Я немного испорченная девочка, властная, но в то же время и милая, я гарантирую вам лучшее качество и обещаю сделать нашу встречу незабываемой. Позвоните или напишите мне для получения дополнительной информации просто набери мой номер, малыш)','531a323c-8642-11ee-84d2-005056c00001'),(382,'Катя','89788897656','ksk',4.8,1,366,'Занимаюсь танцами на шесте, люблю эротику и все что с ней связано. Встречаюсь на высоких каблуках и в шикарных нарядах.','531a333f-8642-11ee-84d2-005056c00001'),(383,'Алёна','9873685354','rtw',0,0,367,'','531a3439-8642-11ee-84d2-005056c00001'),(384,'Полина ','89783456778','ksk',0,0,368,'','531a354a-8642-11ee-84d2-005056c00001'),(386,'Лина','9200601799','vog',0,0,369,'','531a363f-8642-11ee-84d2-005056c00001'),(388,'Мария','9261714771','vog',0,0,370,'','531a3772-8642-11ee-84d2-005056c00001');
/*!40000 ALTER TABLE `contact` ENABLE KEYS */;
UNLOCK TABLES;

--
-- Table structure for table `description`
--

DROP TABLE IF EXISTS `description`;
/*!40101 SET @saved_cs_client     = @@character_set_client */;
/*!50503 SET character_set_client = utf8mb4 */;
CREATE TABLE `description` (
  `id` int NOT NULL AUTO_INCREMENT,
  `age` int NOT NULL,
  `height` int NOT NULL,
  `weight` int NOT NULL,
  `cupSize` int NOT NULL,
  `hairColor` int NOT NULL,
  `typeFigure` int NOT NULL,
  PRIMARY KEY (`id`)
) ENGINE=InnoDB AUTO_INCREMENT=389 DEFAULT CHARSET=utf8mb4 COLLATE=utf8mb4_0900_ai_ci;
/*!40101 SET character_set_client = @saved_cs_client */;

--
-- Dumping data for table `description`
--

LOCK TABLES `description` WRITE;
/*!40000 ALTER TABLE `description` DISABLE KEYS */;
INSERT INTO `description` VALUES (3,27,168,54,3,2,2),(4,24,164,56,3,2,2),(5,21,164,52,3,1,1),(6,22,164,52,3,1,2),(7,24,168,56,3,2,2),(8,27,170,56,4,1,2),(9,21,168,52,4,1,2),(10,28,162,58,3,1,2),(11,28,167,56,3,3,2),(12,26,172,58,3,2,2),(13,26,170,56,3,2,2),(14,23,172,54,3,1,1),(15,21,165,54,3,2,2),(16,28,168,54,3,2,2),(17,26,172,58,3,2,2),(18,27,174,60,2,2,3),(21,22,168,45,2,1,1),(22,30,172,58,4,1,3),(24,24,164,50,1,2,1),(25,22,172,54,2,1,2),(26,24,170,56,2,2,2),(27,24,168,54,4,1,2),(28,27,170,58,3,2,2),(29,21,156,45,2,2,1),(30,24,172,48,2,2,1),(31,26,168,54,3,1,2),(32,26,172,50,3,2,2),(33,26,172,50,3,2,2),(34,21,168,50,3,1,2),(35,21,169,48,2,5,1),(36,22,168,50,2,2,2),(37,21,167,48,2,2,2),(38,27,169,54,3,2,2),(39,24,172,48,3,2,1),(40,23,167,52,2,2,2),(41,21,168,47,3,1,1),(42,22,168,45,2,2,1),(43,23,168,54,3,1,2),(44,26,170,52,3,5,2),(45,26,168,54,3,1,2),(46,26,166,50,3,5,2),(47,23,158,53,3,2,2),(48,26,156,45,3,1,2),(49,27,172,50,3,5,2),(50,24,168,52,3,5,2),(51,22,156,50,3,1,2),(52,21,170,48,2,1,2),(53,24,172,48,3,5,1),(54,25,170,50,4,5,1),(55,21,168,52,2,2,2),(56,26,174,52,3,1,2),(57,21,168,52,3,3,2),(58,25,168,52,3,1,2),(59,19,174,49,2,2,1),(60,21,176,50,2,1,1),(61,24,168,54,3,2,3),(62,23,170,52,2,5,2),(63,27,168,55,3,1,2),(64,24,172,50,3,1,2),(65,21,168,47,3,2,2),(66,23,167,55,3,1,2),(67,21,168,52,3,2,3),(68,21,173,54,3,5,2),(69,23,170,52,3,5,3),(70,23,168,54,3,5,2),(71,24,168,50,2,2,2),(72,24,168,52,3,1,1),(73,24,168,54,3,2,3),(74,21,168,54,3,1,2),(75,22,167,52,2,3,1),(76,24,168,56,3,1,2),(77,19,168,50,2,2,2),(78,21,170,48,3,1,2),(79,22,166,52,4,1,2),(80,22,168,54,3,1,2),(81,25,172,172,3,2,2),(82,27,174,56,3,5,2),(83,29,178,56,3,1,2),(84,24,170,60,3,5,4),(85,19,169,42,2,5,3),(86,19,168,46,3,2,2),(87,21,169,45,3,2,1),(88,24,172,50,3,2,2),(89,23,168,46,3,1,2),(90,24,168,46,4,1,2),(91,23,168,42,4,1,1),(92,24,170,58,3,5,2),(93,26,167,58,3,1,4),(94,27,168,50,3,1,2),(95,24,172,54,3,3,2),(96,23,170,52,3,4,2),(97,21,168,46,3,1,2),(98,23,172,50,3,2,2),(99,23,168,46,3,1,2),(100,23,170,48,3,5,2),(101,23,170,52,3,1,2),(102,23,170,54,4,2,2),(103,21,168,46,3,2,2),(104,22,168,46,3,2,2),(105,24,168,56,4,2,2),(106,24,174,50,2,1,2),(107,26,172,54,4,1,2),(108,23,168,47,3,1,2),(109,21,169,47,2,2,2),(110,25,168,56,4,1,2),(111,24,170,52,3,5,1),(112,23,168,50,3,1,2),(113,26,176,58,3,1,2),(114,24,174,56,3,1,2),(115,23,170,48,3,2,2),(116,24,168,46,2,1,2),(117,21,169,46,3,5,2),(118,21,170,50,3,1,2),(119,25,170,52,3,2,2),(120,21,168,46,3,1,2),(121,21,168,52,3,2,2),(122,22,168,47,3,2,2),(123,22,172,50,3,3,2),(124,23,170,48,4,1,2),(125,23,168,54,3,1,1),(126,22,172,56,4,1,2),(127,23,169,50,3,3,2),(128,23,170,48,3,1,2),(129,24,168,49,3,1,2),(130,21,170,48,3,2,2),(131,23,168,46,4,1,2),(132,24,170,52,3,5,1),(133,24,170,48,3,2,2),(134,24,168,44,3,2,1),(135,23,172,54,3,1,2),(136,21,176,49,3,1,2),(137,23,168,50,3,1,2),(138,21,169,52,3,2,2),(139,24,168,52,5,1,1),(140,21,170,48,3,5,2),(141,23,171,57,4,2,2),(142,21,170,48,2,5,2),(143,19,168,52,3,5,3),(144,26,169,48,4,1,1),(145,23,172,50,3,1,2),(146,21,170,48,3,5,2),(147,22,168,46,5,5,2),(148,24,172,54,5,1,2),(149,23,168,52,5,3,2),(150,25,172,48,3,1,2),(151,23,171,51,4,2,2),(152,21,174,46,3,1,2),(153,24,172,48,3,1,2),(154,23,172,54,3,2,2),(155,21,174,48,3,2,2),(156,23,170,48,3,4,2),(157,23,172,48,3,1,2),(158,24,176,52,3,1,2),(159,21,167,51,3,1,2),(160,23,168,50,3,3,2),(161,26,170,52,3,2,2),(162,21,172,50,3,1,2),(163,20,168,46,3,5,2),(164,24,168,46,3,1,2),(165,23,167,45,3,2,2),(166,21,168,52,2,3,2),(167,23,170,50,3,4,2),(168,21,168,46,2,1,1),(169,26,170,48,3,5,2),(170,27,172,50,3,4,2),(171,23,168,50,3,4,2),(172,24,172,50,3,2,2),(173,23,168,46,3,5,2),(174,24,168,52,2,3,2),(175,22,168,54,5,1,2),(176,25,170,52,3,3,2),(177,23,168,52,2,1,1),(178,24,167,48,3,1,2),(179,23,168,50,3,2,2),(180,23,168,50,2,1,2),(181,21,168,50,3,2,2),(182,21,168,47,3,3,2),(183,22,170,48,3,1,2),(184,25,168,50,2,1,1),(185,21,168,59,3,2,2),(186,21,172,48,2,2,2),(187,23,170,52,3,1,2),(188,24,176,52,5,2,2),(189,23,170,48,4,4,2),(190,23,172,46,2,1,2),(191,24,168,46,3,1,2),(192,24,172,50,3,3,2),(193,23,168,51,3,1,2),(194,26,169,52,3,2,2),(195,24,168,46,3,1,2),(196,28,170,62,3,1,4),(197,23,167,48,3,2,2),(198,21,168,50,3,2,2),(199,22,179,44,3,1,1),(200,26,172,56,3,4,2),(201,26,172,46,1,5,1),(202,26,170,54,3,2,2),(203,27,170,54,3,1,2),(204,32,170,52,3,4,2),(205,28,172,54,3,1,2),(206,24,170,48,3,1,2),(207,32,168,56,3,2,4),(208,27,168,52,3,5,2),(209,24,176,48,2,1,1),(210,32,168,50,3,1,2),(211,28,172,50,2,2,2),(212,33,168,55,3,2,2),(213,24,174,48,2,1,1),(214,21,170,44,3,2,1),(215,24,168,50,3,2,2),(216,28,170,62,5,1,4),(217,27,168,50,3,2,2),(218,21,172,48,2,5,1),(219,26,178,50,1,5,1),(220,21,168,50,3,5,2),(221,27,170,52,3,4,2),(222,32,168,64,4,2,4),(223,21,167,44,2,1,2),(224,25,170,52,3,2,2),(225,28,172,50,3,1,2),(226,27,172,54,3,2,2),(227,24,174,52,3,5,2),(228,21,168,50,1,3,2),(229,25,168,50,3,2,2),(230,22,170,48,3,1,2),(231,24,172,48,3,1,2),(232,24,168,46,1,1,1),(233,24,170,48,3,1,2),(234,34,168,50,2,2,2),(235,32,169,50,2,1,2),(236,32,168,50,2,1,2),(237,24,172,48,4,2,2),(238,19,170,46,4,4,2),(239,27,170,48,3,2,2),(240,24,176,54,5,2,2),(241,25,168,62,5,2,4),(242,26,172,48,5,2,3),(243,28,170,48,3,2,2),(244,20,167,42,2,1,3),(245,27,172,48,5,1,2),(246,19,168,46,3,2,2),(247,26,169,51,3,2,2),(248,24,168,50,3,2,2),(249,23,170,48,3,1,2),(250,24,168,54,5,5,4),(251,24,172,48,2,5,2),(252,23,168,50,3,2,2),(253,25,172,48,2,1,2),(254,24,174,46,3,5,1),(255,27,168,54,3,4,4),(256,21,167,58,6,1,4),(257,24,168,56,3,2,2),(258,21,168,46,3,5,2),(259,24,170,48,3,1,2),(260,24,172,50,3,2,2),(261,21,170,48,3,5,2),(262,34,174,50,5,1,2),(263,36,170,52,3,2,2),(264,28,168,62,5,1,4),(265,24,170,48,3,2,2),(266,26,172,48,2,1,2),(267,28,168,50,3,1,2),(268,28,168,49,4,2,2),(269,23,170,48,3,2,2),(270,38,168,56,4,2,2),(271,21,170,48,3,5,2),(272,28,168,50,3,1,2),(273,23,168,46,2,1,2),(274,27,168,50,3,4,2),(275,24,167,42,3,1,1),(276,26,173,52,3,2,2),(277,28,170,52,3,1,2),(278,24,170,46,3,2,2),(279,28,170,52,3,1,2),(280,23,168,46,3,4,2),(281,26,176,48,2,1,2),(282,26,168,52,4,2,2),(283,24,172,48,2,1,2),(284,23,170,48,3,2,2),(285,25,170,48,3,2,2),(286,26,168,52,4,1,2),(287,24,168,50,3,2,2),(288,24,168,54,3,1,4),(289,23,168,46,4,2,2),(290,25,168,50,3,1,2),(291,23,170,46,3,1,2),(292,22,172,48,3,1,2),(293,26,170,52,3,2,2),(294,19,165,44,3,2,2),(295,24,170,48,3,5,2),(296,23,168,46,3,2,2),(297,36,166,50,3,1,2),(298,25,172,48,3,2,2),(299,24,172,48,2,5,2),(300,28,168,60,5,1,4),(301,26,169,65,6,4,4),(302,34,170,58,3,2,2),(303,25,170,52,3,1,2),(304,23,172,54,3,5,2),(305,21,168,50,3,2,2),(306,26,172,56,3,2,2),(307,21,170,52,3,5,2),(308,21,165,48,4,5,2),(309,36,170,58,3,1,2),(310,24,170,52,4,1,2),(311,24,170,52,3,2,2),(312,28,174,68,4,2,2),(313,22,168,52,3,1,2),(314,26,169,51,3,1,2),(315,28,170,54,3,1,2),(316,23,170,48,2,5,2),(317,21,168,46,2,5,3),(318,27,168,52,2,2,2),(319,26,170,52,5,1,2),(321,23,168,50,3,1,2),(322,24,170,48,3,5,2),(323,26,168,50,2,2,2),(324,22,168,45,2,1,1),(325,24,172,48,2,5,2),(326,22,168,50,3,1,1),(327,23,170,48,3,1,1),(328,24,168,50,3,2,2),(329,24,168,52,3,2,2),(330,24,170,48,3,5,2),(331,32,168,54,3,2,2),(333,24,168,52,3,1,2),(335,26,170,52,3,2,2),(336,26,172,55,3,1,2),(337,38,168,56,3,1,2),(339,25,174,48,3,1,1),(340,24,168,52,4,2,2),(341,24,168,52,3,1,2),(342,21,174,50,3,3,2),(343,27,167,65,5,2,4),(344,24,170,52,3,2,2),(346,26,168,56,4,1,2),(347,24,170,54,5,1,2),(348,25,152,51,2,1,4),(349,24,168,52,3,5,2),(350,26,170,54,3,5,2),(351,23,166,48,3,1,2),(352,28,170,56,3,1,2),(353,26,172,58,4,5,3),(354,24,168,50,3,2,2),(355,23,170,52,3,3,1),(356,26,172,50,3,1,2),(358,24,170,52,3,2,2),(359,26,170,52,3,2,2),(363,23,168,56,3,5,2),(364,26,168,54,2,5,2),(365,24,170,54,3,1,2),(366,23,174,55,2,2,2),(367,26,170,54,3,1,2),(368,26,168,52,5,2,2),(370,24,172,54,3,1,2),(371,26,170,54,3,2,2),(372,24,170,54,3,2,2),(373,23,168,52,3,1,2),(374,28,170,54,3,4,2),(375,24,169,51,3,1,2),(376,24,178,50,3,1,1),(377,24,172,54,3,2,2),(378,25,170,56,3,2,2),(379,24,170,52,3,2,2),(380,26,170,54,2,1,2),(382,26,172,54,4,1,2),(383,23,170,47,3,1,1),(384,24,170,54,3,1,2),(386,22,170,49,2,3,2),(388,27,168,50,3,1,2);
/*!40000 ALTER TABLE `description` ENABLE KEYS */;
UNLOCK TABLES;

--
-- Table structure for table `migrations`
--

DROP TABLE IF EXISTS `migrations`;
/*!40101 SET @saved_cs_client     = @@character_set_client */;
/*!50503 SET character_set_client = utf8mb4 */;
CREATE TABLE `migrations` (
  `id` int NOT NULL AUTO_INCREMENT,
  `timestamp` bigint NOT NULL,
  `name` varchar(255) NOT NULL,
  PRIMARY KEY (`id`)
) ENGINE=InnoDB AUTO_INCREMENT=6 DEFAULT CHARSET=utf8mb4 COLLATE=utf8mb4_0900_ai_ci;
/*!40101 SET character_set_client = @saved_cs_client */;

--
-- Dumping data for table `migrations`
--

LOCK TABLES `migrations` WRITE;
/*!40000 ALTER TABLE `migrations` DISABLE KEYS */;
INSERT INTO `migrations` VALUES (1,1700330333278,'ContactAddUuid1700330333278'),(2,1700331218597,'ContactAddUuid1700331218597'),(3,1700331355915,'ContactAddUuid1700331355915'),(5,1700332159761,'ContactAddUuid1700332159761');
/*!40000 ALTER TABLE `migrations` ENABLE KEYS */;
UNLOCK TABLES;
/*!40103 SET TIME_ZONE=@OLD_TIME_ZONE */;

/*!40101 SET SQL_MODE=@OLD_SQL_MODE */;
/*!40014 SET FOREIGN_KEY_CHECKS=@OLD_FOREIGN_KEY_CHECKS */;
/*!40014 SET UNIQUE_CHECKS=@OLD_UNIQUE_CHECKS */;
/*!40101 SET CHARACTER_SET_CLIENT=@OLD_CHARACTER_SET_CLIENT */;
/*!40101 SET CHARACTER_SET_RESULTS=@OLD_CHARACTER_SET_RESULTS */;
/*!40101 SET COLLATION_CONNECTION=@OLD_COLLATION_CONNECTION */;
/*!40111 SET SQL_NOTES=@OLD_SQL_NOTES */;

-- Dump completed on 2023-12-09 11:09:05
